-- Generated by scripts/supabase/database/generate-database-sql.mjs
-- Seeds the relational tables from the current data/*.ts files.

insert into public.users (id, first_name, last_name, display_name, initials, joined_on, role, email)
values
  ('brian-scott', 'Brian', 'Scott', 'Brian Scott', 'BS', '2026-03-23', 'admin', 'brianscott1980@gmail.com'),
  ('tony-mclean', 'Tony', 'McLean', 'Tony McLean', 'TM', '2026-03-23', 'member', 'tonymclean@live.co.uk'),
  ('john-colreavey', 'John', 'Colreavey', 'John Colreavey', 'JC', '2026-03-23', 'member', 'jcolreavey@gmail.com'),
  ('paul-melville', 'Paul', 'Melville', 'Paul Melville', 'PM', '2026-03-23', 'member', 'p.melville@hotmail.co.uk'),
  ('alasdair-head', 'Alasdair', 'Head', 'Alasdair Head', 'AH', '2026-03-23', 'member', 'alasdairhead@hotmail.co.uk'),
  ('paul-devine', 'Paul', 'Devine', 'Paul Devine', 'PD', '2026-03-23', 'member', 'pauldevine54@msn.com'),
  ('derek-mcmillan', 'Derek', 'McMillan', 'Derek McMillan', 'DM', '2026-03-23', 'member', 'derek.mcmillan81@gmail.com')
on conflict (id) do nothing;

insert into public.league_clubs (name, slug, badge_path, badge_source_url)
values
  ('Arsenal', 'arsenal', '/assets/clubs/premier-league/arsenal.png', 'https://r2.thesportsdb.com/images/media/team/badge/uyhbfe1612467038.png'),
  ('Aston Villa', 'aston-villa', '/assets/clubs/premier-league/aston-villa.png', 'https://r2.thesportsdb.com/images/media/team/badge/jykrpv1717309891.png'),
  ('Bayer Leverkusen', 'bayer-leverkusen', '/assets/clubs/european/bayer-leverkusen.png', 'https://r2.thesportsdb.com/images/media/team/badge/3x9k851726760113.png'),
  ('Bayern Munich', 'bayern-munich', '/assets/clubs/european/bayern-munich.png', 'https://r2.thesportsdb.com/images/media/team/badge/01ogkh1716960412.png'),
  ('Bournemouth', 'bournemouth', '/assets/clubs/premier-league/bournemouth.png', 'https://r2.thesportsdb.com/images/media/team/badge/y08nak1534071116.png'),
  ('Brentford', 'brentford', '/assets/clubs/premier-league/brentford.png', 'https://r2.thesportsdb.com/images/media/team/badge/grv1aw1546453779.png'),
  ('Brighton & Hove Albion', 'brighton-hove-albion', '/assets/clubs/premier-league/brighton-hove-albion.png', 'https://r2.thesportsdb.com/images/media/team/badge/ywypts1448810904.png'),
  ('Burnley', 'burnley', '/assets/clubs/premier-league/burnley.png', 'https://r2.thesportsdb.com/images/media/team/badge/ql7nl31686893820.png'),
  ('Chelsea', 'chelsea', '/assets/clubs/premier-league/chelsea.png', 'https://r2.thesportsdb.com/images/media/team/badge/yvwvtu1448813215.png'),
  ('Crystal Palace', 'crystal-palace', '/assets/clubs/premier-league/crystal-palace.png', 'https://r2.thesportsdb.com/images/media/team/badge/ia6i3m1656014992.png'),
  ('Everton', 'everton', '/assets/clubs/premier-league/everton.png', 'https://r2.thesportsdb.com/images/media/team/badge/eqayrf1523184794.png'),
  ('Freiburg', 'freiburg', '/assets/clubs/european/freiburg.png', 'https://r2.thesportsdb.com/images/media/team/badge/urwtup1473453288.png'),
  ('Fulham', 'fulham', '/assets/clubs/premier-league/fulham.png', 'https://r2.thesportsdb.com/images/media/team/badge/xwwvyt1448811086.png'),
  ('Inter Milan', 'inter-milan', '/assets/clubs/european/inter-milan.png', 'https://r2.thesportsdb.com/images/media/team/badge/ryhu6d1617113103.png'),
  ('Leeds United', 'leeds-united', '/assets/clubs/premier-league/leeds-united.png', 'https://r2.thesportsdb.com/images/media/team/badge/jcgrml1756649030.png'),
  ('Liverpool', 'liverpool', '/assets/clubs/premier-league/liverpool.png', 'https://r2.thesportsdb.com/images/media/team/badge/kfaher1737969724.png'),
  ('Mallorca', 'mallorca', '/assets/clubs/european/mallorca.png', 'https://r2.thesportsdb.com/images/media/team/badge/ssptsx1473503730.png'),
  ('Manchester City', 'manchester-city', '/assets/clubs/premier-league/manchester-city.png', 'https://r2.thesportsdb.com/images/media/team/badge/vwpvry1467462651.png'),
  ('Manchester United', 'manchester-united', '/assets/clubs/premier-league/manchester-united.png', 'https://r2.thesportsdb.com/images/media/team/badge/xzqdr11517660252.png'),
  ('Newcastle United', 'newcastle-united', '/assets/clubs/premier-league/newcastle-united.png', 'https://r2.thesportsdb.com/images/media/team/badge/lhwuiz1621593302.png'),
  ('Nottingham Forest', 'nottingham-forest', '/assets/clubs/premier-league/nottingham-forest.png', 'https://r2.thesportsdb.com/images/media/team/badge/bk4qjs1546440351.png'),
  ('Real Madrid', 'real-madrid', '/assets/clubs/european/real-madrid.png', 'https://r2.thesportsdb.com/images/media/team/badge/g4ev2c1522175902.png'),
  ('Roma', 'roma', '/assets/clubs/european/roma.png', 'https://r2.thesportsdb.com/images/media/team/badge/jwro2s1760820674.png'),
  ('Sunderland', 'sunderland', '/assets/clubs/premier-league/sunderland.png', 'https://r2.thesportsdb.com/images/media/team/badge/tprtus1448813498.png'),
  ('Tottenham Hotspur', 'tottenham-hotspur', '/assets/clubs/premier-league/tottenham-hotspur.png', 'https://r2.thesportsdb.com/images/media/team/badge/dfyfhl1604094109.png'),
  ('West Ham United', 'west-ham-united', '/assets/clubs/premier-league/west-ham-united.png', 'https://r2.thesportsdb.com/images/media/team/badge/yutyxs1467459956.png'),
  ('Wolfsburg', 'wolfsburg', '/assets/clubs/european/wolfsburg.png', 'https://r2.thesportsdb.com/images/media/team/badge/07kp421599680274.png'),
  ('Wolverhampton Wanderers', 'wolverhampton-wanderers', '/assets/clubs/premier-league/wolverhampton-wanderers.png', 'https://r2.thesportsdb.com/images/media/team/badge/u9qr031621593327.png')
on conflict (slug) do nothing;

insert into public.matchday_game_weeks (id, slug, name, description, window_start_iso, window_end_iso, starts_in, proposal_ids, votes_by_user_id, simulated_slip)
values
  ('md-1', 'matchday-1', 'Matchday 1 Voting Stage', 'Fresh Ladbrokes weekend slate for the opening April window, with the pot still at the original GBP70 baseline and no settled betting run pushing the AI away from a balanced call.', '2026-04-04T08:00:00.000Z', '2026-04-06T22:00:00.000Z', 'Starts tomorrow', '["proposal-md-1-safe","proposal-md-1-balanced","proposal-md-1-aggressive"]'::jsonb, '{}'::jsonb, null)
on conflict (id) do nothing;

insert into public.market_analysis_snapshots (id, bookmaker, snapshot_date, matchday_id)
values
  ('snapshot-md-1-ladbrokes-2026-04-04', 'Ladbrokes', '2026-04-04', 'md-1')
on conflict (id) do nothing;

insert into public.market_analysis_selections (id, snapshot_id, fixture, market, selection, decimal_odds)
values
  ('market-md-1-bayern-win', 'snapshot-md-1-ladbrokes-2026-04-04', 'SC Freiburg v Bayern Munich', 'Match Betting', 'Bayern Munich', 1.4),
  ('market-md-1-leverkusen-win', 'snapshot-md-1-ladbrokes-2026-04-04', 'Bayer Leverkusen v Wolfsburg', 'Match Betting', 'Bayer Leverkusen', 1.4),
  ('market-md-1-inter-win', 'snapshot-md-1-ladbrokes-2026-04-04', 'Inter Milan v Roma', 'Match Betting', 'Inter Milan', 1.67),
  ('market-md-1-real-win', 'snapshot-md-1-ladbrokes-2026-04-04', 'Mallorca v Real Madrid', 'Match Betting', 'Real Madrid', 1.65),
  ('market-md-1-mallorca-real-btts-yes', 'snapshot-md-1-ladbrokes-2026-04-04', 'Mallorca v Real Madrid', 'Both Teams to Score', 'Yes', 1.67),
  ('market-md-1-inter-roma-btts-yes', 'snapshot-md-1-ladbrokes-2026-04-04', 'Inter Milan v Roma', 'Both Teams to Score', 'Yes', 1.91)
on conflict (id) do nothing;

insert into public.matchday_proposals (id, game_week_id, proposal_id, risk_level, title, summary, legs, status_label, cashout_watch_list, bet_line_ids, ai_recommended)
values
  ('proposal-md-1-safe', 'md-1', 'safe', 'safe', 'Defensive Accumulator', 'Three straight result bets keep the weekend anchored to strong favourites and a home Inter side getting key attacking help back, protecting optionality while the pot is still flat at its opening level.', 3, 'Preserve', '["Protect value if Bayern fail to control territory early at Freiburg or if their main front-line threat is withdrawn before the hour mark.","Leverkusen are the shortest leg in the chain, so an early Wolfsburg lead or visible drop in home pressure is the clearest upset warning for this slip.","If Inter lose Lautaro''s attacking threat through a substitution or setback, the final leg becomes less secure and an available cashout is easier to justify."]'::jsonb, '["betline-md-1-safe-bayern-win","betline-md-1-safe-leverkusen-win","betline-md-1-safe-inter-win"]'::jsonb, null),
  ('proposal-md-1-balanced', 'md-1', 'balanced', 'balanced', 'Balanced Accumulator', 'The recommended middle route keeps two favourite outcomes but adds the stronger Milan goals angle, which suits a stable pot with no prior settled streak demanding a more defensive or more aggressive jump.', 3, 'Balance', '["Reassess after Bayern and Madrid: if one favourite has won without much control, take that as a warning before letting the Sunday goals leg run.","For Mallorca v Real Madrid, a Madrid defensive reshuffle or a key attacker being substituted can quickly change the BTTS path and make a mid-range cashout attractive.","In Inter v Roma, stay alert for Roma growing into transitions or Inter losing their front-two intensity, because that shifts the BTTS leg from strong to fragile very quickly."]'::jsonb, '["betline-md-1-balanced-bayern-win","betline-md-1-balanced-real-win","betline-md-1-balanced-inter-roma-btts"]'::jsonb, true),
  ('proposal-md-1-aggressive', 'md-1', 'aggressive', 'aggressive', 'Aggressive Accumulator', 'This chase version leans into two goals markets and still keeps Madrid and Leverkusen onside, holding the bigger swing for the later Sunday leg once the earlier anchors have had a chance to land.', 4, 'Upside', '["This build is most exposed if Mallorca v Real Madrid starts cagey, so a slow game with few shots or an early attacking substitution is a serious warning for the BTTS leg.","If Leverkusen do not pin Wolfsburg back early, do not ignore the upset signal just because it is the shortest-priced leg in the slip.","The last swing sits with Inter v Roma BTTS, so any injury, substitution, or tactical change that removes one side''s counter-attacking threat is a strong reason to consider cashing out."]'::jsonb, '["betline-md-1-aggressive-leverkusen-win","betline-md-1-aggressive-mallorca-real-btts","betline-md-1-aggressive-real-win","betline-md-1-aggressive-inter-roma-btts"]'::jsonb, null)
on conflict (id) do nothing;

insert into public.matchday_bet_lines (id, game_week_id, proposal_entity_id, sort_order, label, schedule_note, ai_reasoning, form_id, form_note, market_id, odds)
values
  ('betline-md-1-safe-bayern-win', 'md-1', 'proposal-md-1-safe', 1, 'SC Freiburg v Bayern Munich: Bayern Munich to win', 'Sat 4 Apr, 13:30 BST', 'Bayern arrive on a five-game Bundesliga winning run with 18 goals scored, while Freiburg have taken only two wins from their last five league outings. Even with European fixtures nearby, the away-win line is still the cleanest low-volatility read.', 'form-md-1-freiburg-bayern', 'Last five league goals: Freiburg 6, Bayern Munich 18.', 'market-md-1-bayern-win', '1.40'),
  ('betline-md-1-safe-leverkusen-win', 'md-1', 'proposal-md-1-safe', 2, 'Bayer Leverkusen v Wolfsburg: Bayer Leverkusen to win', 'Sat 4 Apr, 13:30 BST', 'Leverkusen still need a strong run for the European places and have lost only once in their last five league matches. Wolfsburg are winless in five league games and have shipped 13 goals across that spell.', 'form-md-1-leverkusen-wolfsburg', 'Last five league goals: Bayer Leverkusen 9, Wolfsburg 6.', 'market-md-1-leverkusen-win', '1.40'),
  ('betline-md-1-safe-inter-win', 'md-1', 'proposal-md-1-safe', 3, 'Inter Milan v Roma: Inter Milan to win', 'Sun 5 Apr, 18:45 BST', 'Inter get Lautaro Martinez back for Sunday and remain top of Serie A. Roma have scored well recently, but their selection noise makes the straight home win safer than pushing immediately into a higher-variance goals play.', 'form-md-1-inter-roma', 'Last five league goals: Inter Milan 6, Roma 11.', 'market-md-1-inter-win', '1.67'),
  ('betline-md-1-balanced-bayern-win', 'md-1', 'proposal-md-1-balanced', 1, 'SC Freiburg v Bayern Munich: Bayern Munich to win', 'Sat 4 Apr, 13:30 BST', 'Bayern''s last five league matches have produced five wins and 18 goals, and Freiburg have still been vulnerable against top-six attacking quality. The price is short, but it gives the balanced slip an early anchor without overcomplicating the first leg.', 'form-md-1-freiburg-bayern', 'Last five league goals: Freiburg 6, Bayern Munich 18.', 'market-md-1-bayern-win', '1.40'),
  ('betline-md-1-balanced-real-win', 'md-1', 'proposal-md-1-balanced', 2, 'Mallorca v Real Madrid: Real Madrid to win', 'Sat 4 Apr, 15:15 BST', 'Mallorca have taken only two points from their last five league games and scored just three times in that run. Madrid do carry rotation risk with a European tie ahead, but their shot volume and recent away output still make the straight win the calmer angle here.', 'form-md-1-mallorca-real', 'Last five league goals: Mallorca 3, Real Madrid 11.', 'market-md-1-real-win', '1.65'),
  ('betline-md-1-balanced-inter-roma-btts', 'md-1', 'proposal-md-1-balanced', 3, 'Inter Milan v Roma: Both teams to score', 'Sun 5 Apr, 18:45 BST', 'Inter have kept only one clean sheet across their last five Serie A matches, while Roma have scored 11 goals over their last five league games. Lautaro''s return strengthens the home attack enough to back both sides finding one.', 'form-md-1-inter-roma', 'Inter have scored 6 and Roma 11 across their last five Serie A matches.', 'market-md-1-inter-roma-btts-yes', '1.91'),
  ('betline-md-1-aggressive-leverkusen-win', 'md-1', 'proposal-md-1-aggressive', 1, 'Bayer Leverkusen v Wolfsburg: Bayer Leverkusen to win', 'Sat 4 Apr, 13:30 BST', 'Leverkusen still profile as the stronger side on form and urgency, and Wolfsburg''s defensive run makes them hard to trust away from home. This stays in as the first aggressive anchor before the higher-variance legs kick in.', 'form-md-1-leverkusen-wolfsburg', 'Last five league goals: Bayer Leverkusen 9, Wolfsburg 6.', 'market-md-1-leverkusen-win', '1.40'),
  ('betline-md-1-aggressive-mallorca-real-btts', 'md-1', 'proposal-md-1-aggressive', 2, 'Mallorca v Real Madrid: Both teams to score', 'Sat 4 Apr, 15:15 BST', 'Madrid have scored in every one of their last five league games but have also conceded in four of those five. Mallorca are light on wins, yet their home setup still forces them to trade chances, which keeps the BTTS price live enough for the higher-risk slip.', 'form-md-1-mallorca-real', 'Mallorca have scored 3 and Real Madrid 11 across their last five La Liga matches.', 'market-md-1-mallorca-real-btts-yes', '1.67'),
  ('betline-md-1-aggressive-real-win', 'md-1', 'proposal-md-1-aggressive', 3, 'Mallorca v Real Madrid: Real Madrid to win', 'Sat 4 Apr, 15:15 BST', 'Keeping Madrid on the slip lets the aggressive build still lean on the stronger team even while pairing it with a goals angle. Mallorca''s recent downturn and Madrid''s top-end attacking floor keep the away result in play.', 'form-md-1-mallorca-real', 'Last five league goals: Mallorca 3, Real Madrid 11.', 'market-md-1-real-win', '1.65'),
  ('betline-md-1-aggressive-inter-roma-btts', 'md-1', 'proposal-md-1-aggressive', 4, 'Inter Milan v Roma: Both teams to score', 'Sun 5 Apr, 18:45 BST', 'Roma have scored in four of their last five league matches and Inter''s defensive line has looked less secure recently. With Lautaro expected back and Roma still carrying enough attacking quality, the BTTS leg gives the Sunday finish a stronger upside swing.', 'form-md-1-inter-roma', 'Inter have scored 6 and Roma 11 across their last five Serie A matches.', 'market-md-1-inter-roma-btts-yes', '1.91')
on conflict (id) do nothing;

insert into public.matchday_forms (id, game_week_id, proposal_id, bet_line_id)
values
  ('form-md-1-freiburg-bayern', 'md-1', 'proposal-md-1-safe', 'betline-md-1-safe-bayern-win'),
  ('form-md-1-leverkusen-wolfsburg', 'md-1', 'proposal-md-1-safe', 'betline-md-1-safe-leverkusen-win'),
  ('form-md-1-mallorca-real', 'md-1', 'proposal-md-1-balanced', 'betline-md-1-balanced-real-win'),
  ('form-md-1-inter-roma', 'md-1', 'proposal-md-1-safe', 'betline-md-1-safe-inter-win')
on conflict (id) do nothing;

insert into public.matchday_form_matches (id, form_id, team_side, sort_order, opponent, venue, final_score, goals_scored, outcome)
values
  ('formmatch-md-1-freiburg-1', 'form-md-1-freiburg-bayern', 'home', 1, 'Bayer Leverkusen', 'H', '3-3', 3, 'D'),
  ('formmatch-md-1-freiburg-2', 'form-md-1-freiburg-bayern', 'home', 2, 'Eintracht Frankfurt', 'A', '2-0', 0, 'L'),
  ('formmatch-md-1-freiburg-3', 'form-md-1-freiburg-bayern', 'home', 3, 'Borussia Monchengladbach', 'H', '2-1', 2, 'W'),
  ('formmatch-md-1-freiburg-4', 'form-md-1-freiburg-bayern', 'home', 4, 'TSG Hoffenheim', 'A', '3-0', 0, 'L'),
  ('formmatch-md-1-freiburg-5', 'form-md-1-freiburg-bayern', 'home', 5, 'Werder Bremen', 'H', '1-0', 1, 'W'),
  ('formmatch-md-1-bayern-1', 'form-md-1-freiburg-bayern', 'away', 1, 'Borussia Monchengladbach', 'H', '4-1', 4, 'W'),
  ('formmatch-md-1-bayern-2', 'form-md-1-freiburg-bayern', 'away', 2, 'Borussia Dortmund', 'A', '2-3', 3, 'W'),
  ('formmatch-md-1-bayern-3', 'form-md-1-freiburg-bayern', 'away', 3, 'Eintracht Frankfurt', 'H', '3-2', 3, 'W'),
  ('formmatch-md-1-bayern-4', 'form-md-1-freiburg-bayern', 'away', 4, 'Werder Bremen', 'A', '0-3', 3, 'W'),
  ('formmatch-md-1-bayern-5', 'form-md-1-freiburg-bayern', 'away', 5, 'TSG Hoffenheim', 'H', '5-1', 5, 'W'),
  ('formmatch-md-1-leverkusen-1', 'form-md-1-leverkusen-wolfsburg', 'home', 1, 'SC Freiburg', 'A', '3-3', 3, 'D'),
  ('formmatch-md-1-leverkusen-2', 'form-md-1-leverkusen-wolfsburg', 'home', 2, 'Hamburger SV', 'A', '0-1', 1, 'W'),
  ('formmatch-md-1-leverkusen-3', 'form-md-1-leverkusen-wolfsburg', 'home', 3, 'Mainz', 'H', '1-1', 1, 'D'),
  ('formmatch-md-1-leverkusen-4', 'form-md-1-leverkusen-wolfsburg', 'home', 4, 'Union Berlin', 'A', '1-0', 0, 'L'),
  ('formmatch-md-1-leverkusen-5', 'form-md-1-leverkusen-wolfsburg', 'home', 5, 'St. Pauli', 'H', '4-0', 4, 'W'),
  ('formmatch-md-1-wolfsburg-1', 'form-md-1-leverkusen-wolfsburg', 'away', 1, 'Hamburger SV', 'A', '2-1', 1, 'L'),
  ('formmatch-md-1-wolfsburg-2', 'form-md-1-leverkusen-wolfsburg', 'away', 2, 'VfB Stuttgart', 'H', '0-4', 0, 'L'),
  ('formmatch-md-1-wolfsburg-3', 'form-md-1-leverkusen-wolfsburg', 'away', 3, 'FC Augsburg', 'A', '3-2', 2, 'L'),
  ('formmatch-md-1-wolfsburg-4', 'form-md-1-leverkusen-wolfsburg', 'away', 4, 'RB Leipzig', 'H', '2-2', 2, 'D'),
  ('formmatch-md-1-wolfsburg-5', 'form-md-1-leverkusen-wolfsburg', 'away', 5, 'Borussia Dortmund', 'A', '2-1', 1, 'L'),
  ('formmatch-md-1-mallorca-1', 'form-md-1-mallorca-real', 'home', 1, 'Osasuna', 'A', '2-2', 2, 'D'),
  ('formmatch-md-1-mallorca-2', 'form-md-1-mallorca-real', 'home', 2, 'Real Sociedad', 'H', '0-1', 0, 'L'),
  ('formmatch-md-1-mallorca-3', 'form-md-1-mallorca-real', 'home', 3, 'Celta Vigo', 'A', '2-0', 0, 'L'),
  ('formmatch-md-1-mallorca-4', 'form-md-1-mallorca-real', 'home', 4, 'Real Betis', 'H', '1-2', 1, 'L'),
  ('formmatch-md-1-mallorca-5', 'form-md-1-mallorca-real', 'home', 5, 'Barcelona', 'A', '3-0', 0, 'L'),
  ('formmatch-md-1-real-1', 'form-md-1-mallorca-real', 'away', 1, 'Elche', 'H', '4-1', 4, 'W'),
  ('formmatch-md-1-real-2', 'form-md-1-mallorca-real', 'away', 2, 'Celta Vigo', 'A', '1-2', 2, 'W'),
  ('formmatch-md-1-real-3', 'form-md-1-mallorca-real', 'away', 3, 'Getafe', 'H', '0-1', 0, 'L'),
  ('formmatch-md-1-real-4', 'form-md-1-mallorca-real', 'away', 4, 'Osasuna', 'A', '2-1', 1, 'L'),
  ('formmatch-md-1-real-5', 'form-md-1-mallorca-real', 'away', 5, 'Real Sociedad', 'H', '4-1', 4, 'W'),
  ('formmatch-md-1-inter-1', 'form-md-1-inter-roma', 'home', 1, 'Fiorentina', 'A', '1-1', 1, 'D'),
  ('formmatch-md-1-inter-2', 'form-md-1-inter-roma', 'home', 2, 'Atalanta', 'H', '1-1', 1, 'D'),
  ('formmatch-md-1-inter-3', 'form-md-1-inter-roma', 'home', 3, 'AC Milan', 'A', '1-0', 0, 'L'),
  ('formmatch-md-1-inter-4', 'form-md-1-inter-roma', 'home', 4, 'Genoa', 'H', '2-0', 2, 'W'),
  ('formmatch-md-1-inter-5', 'form-md-1-inter-roma', 'home', 5, 'Lecce', 'A', '0-2', 2, 'W'),
  ('formmatch-md-1-roma-1', 'form-md-1-inter-roma', 'away', 1, 'Genoa', 'A', '2-1', 1, 'L'),
  ('formmatch-md-1-roma-2', 'form-md-1-inter-roma', 'away', 2, 'Juventus', 'H', '3-3', 3, 'D'),
  ('formmatch-md-1-roma-3', 'form-md-1-inter-roma', 'away', 3, 'Cremonese', 'H', '3-0', 3, 'W'),
  ('formmatch-md-1-roma-4', 'form-md-1-inter-roma', 'away', 4, 'Napoli', 'A', '2-2', 2, 'D'),
  ('formmatch-md-1-roma-5', 'form-md-1-inter-roma', 'away', 5, 'Cagliari', 'H', '2-0', 2, 'W')
on conflict (id) do nothing;

insert into public.custom_bets (id, slug, title, state, sport, bookmaker, event_name, competition_name, betting_format_requested, proposed_bets, recommended_market, recommended_selection, decimal_odds, summary, analysis_summary, media_summary, timeline_title, timeline_description, generated_at_iso, event_start_iso, event_end_iso, suggested_stake_amount, stake_amount, placed_decimal_odds, placed_at_iso, cashout_lower_target, cashout_upper_target, no_cashout_value, cashout_advice, watch_points, risk_factors, horse_racing, football, golf)
values
  ('custom-bet-2026-04-11-grand-national-2026-each-way', '2026-04-11-grand-national-2026-each-way', 'Grand National 2026', 'pending', 'horse_racing', 'Ladbrokes', 'Randox Grand National', 'Aintree Grand National Festival', 'Each-way single', '[{"rank":1,"market":"Each-way","selection":"Grangeclare West","decimalOdds":9,"summary":"Best current balance of proven Aintree stamina, solid recent prep, and still-fair Ladbrokes win-and-place value.","horseRacing":{"trainer":"W P Mullins","jockey":"Paul Townend","silksImagePath":"/assets/jockey_jerseys/grangeclare-west-cheveley-park.png","silksSourceUrl":"https://commons.wikimedia.org/wiki/File:Racing_silks_of_Cheveley_Park_Stud.png","age":10,"weight":"11st 10lb","officialRating":166,"recentForm":"1421","owner":"Cheveley Park Stud"}},{"rank":2,"market":"Each-way","selection":"Iroko","decimalOdds":13,"summary":"Cleaner weight and profile than many principals, but the price is shorter than the top pick so the place-value cushion is less generous.","horseRacing":{"silksImagePath":"/assets/jockey_jerseys/jp-mcmanus-silks.png","silksSourceUrl":"https://commons.wikimedia.org/wiki/File:Spot_Thedifference.png","age":8,"weight":"11st 1lb","recentForm":"2P22"}},{"rank":3,"market":"Each-way","selection":"I Am Maximus","decimalOdds":9,"summary":"Elite course credentials keep him on the shortlist, but top-weight and a tighter price make him the least forgiving value angle of the three.","horseRacing":{"silksImagePath":"/assets/jockey_jerseys/jp-mcmanus-silks.png","silksSourceUrl":"https://commons.wikimedia.org/wiki/File:Spot_Thedifference.png","age":10,"weight":"11st 12lb","recentForm":"1122"}}]'::jsonb, 'Each-way', 'Grangeclare West', 9, 'AI custom bet for Saturday 11 April 2026: a ranked Grand National each-way shortlist led by Grangeclare West, with Iroko and I Am Maximus retained as stronger-market alternatives if prices or declarations shift.', 'The shortlist is built around each-way survivability rather than chasing a fragile win-only angle in a huge field. Grangeclare West stays top because his Aintree evidence, stamina profile, and recent trial strength still look underrepresented at 8/1 in Ladbrokes terms, especially when the place part of the bet matters. Iroko is the cleaner lower-weight alternative if you want a tidier profile, while I Am Maximus still has obvious class and National credentials but gives away more value because the burden of top-weight leaves less room for error at the same headline price as the top pick. With the current pot at GBP 70, the suggested stake is GBP 8 total on this one-off each-way idea so the exposure stays controlled relative to the main matchday betting bank.', 'Current Grand National coverage keeps the focus on the front end of the market, with Grangeclare West and I Am Maximus around 8/1 at Ladbrokes and Iroko around 12/1. The key external factors remain declarations, ground movement, and any late jockey or stable signals. That is why the recommendation is framed as a ranked three-bet shortlist rather than pretending there is only one viable path through a race this volatile.', 'Custom Bet Ready', 'Grand National 2026 each-way shortlist ready: Grangeclare West, Iroko, and I Am Maximus.', '2026-04-03T20:35:00.000Z', '2026-04-11T15:00:00.000Z', '2026-04-11T16:30:00.000Z', 8, null, null, null, 'Protect near-stake value if Grangeclare West is travelling cleanly through the second circuit and the place side is already being priced strongly.', 'Take a strong profit if he is still on the bridle or closing smoothly into the leading group after the penultimate fence.', 'Let it run if he meets the second-last in rhythm, is still travelling within striking distance, and the jumping remains composed.', '["Treat this primarily as an each-way position, so the place equity matters more than an all-or-nothing win sweat in the middle stages.","Do not overreact too early. The National can turn sharply once the field strings out, so the right read comes from rhythm, position, and how economically the horse is travelling.","If the top pick is still moving strongly but the market has already priced in a major place chance, taking some protection can be the disciplined move instead of waiting for a full win-only scenario."]'::jsonb, '["Check final declarations and rider confirmations before race day because late changes can materially affect both price and confidence.","Monitor the official going and any late rain. A meaningful ground shift can change how strongly the race is run and which stamina profiles are favoured.","Watch how Grangeclare West jumps through the middle section of the race. If he starts losing fluency or position before the final circuit, the cashout case strengthens quickly."]'::jsonb, '["Grand National field size and traffic create much more randomness than a normal staying chase, even for well-fancied runners.","Ante-post and early race-week prices can move sharply once declarations and ground updates settle.","A horse can still travel well for a long way in this race and then lose ground quickly through one mistake, crowding, or a pace change."]'::jsonb, '{"racecourse":"Aintree","raceTimeNote":"Sat 11 Apr 2026, 16:00 BST","horseName":"Grangeclare West","trainer":"W P Mullins","jockey":"Paul Townend","silksImagePath":"/assets/jockey_jerseys/grangeclare-west-cheveley-park.png","silksSourceUrl":"https://commons.wikimedia.org/wiki/File:Racing_silks_of_Cheveley_Park_Stud.png","age":10,"weight":"11st 10lb","officialRating":166,"recentForm":"1421","owner":"Cheveley Park Stud","going":"Watch for any declaration-week ground shift before locking the bet in.","distance":"4m 2 1/2f","fieldSize":34,"notableRivals":[]}'::jsonb, null, null)
on conflict (id) do nothing;

insert into public.league_data_meta (id, simulated_at_iso, updated_at_iso)
values
  ('primary', '2026-04-03T08:59:10.218Z', '2026-04-03T08:59:10.218Z')
on conflict (id) do nothing;

-- No seed rows for public.league_data_matchday_simulations.

-- No seed rows for public.league_data_votes.

-- No seed rows for public.league_data_bet_line_odds.

-- No seed rows for public.league_data_slips.

-- No seed rows for public.league_data_leg_results.

insert into public.ledger_data (id, title, date_iso, amount, kind, game_week_id, proposal_id)
values
  ('deposit-brian-scott', 'Brian Scott Deposit', '2026-03-23T09:00:00.000Z', 10, 'deposit', null, null),
  ('deposit-tony-mclean', 'Tony McLean Deposit', '2026-03-23T09:00:00.000Z', 10, 'deposit', null, null),
  ('deposit-john-colreavey', 'John Colreavey Deposit', '2026-03-23T09:00:00.000Z', 10, 'deposit', null, null),
  ('deposit-paul-melville', 'Paul Melville Deposit', '2026-03-23T09:00:00.000Z', 10, 'deposit', null, null),
  ('deposit-alasdair-head', 'Alasdair Head Deposit', '2026-03-23T09:00:00.000Z', 10, 'deposit', null, null),
  ('deposit-paul-devine', 'Paul Devine Deposit', '2026-03-23T09:00:00.000Z', 10, 'deposit', null, null),
  ('deposit-derek-mcmillan', 'Derek McMillan Deposit', '2026-03-23T09:00:00.000Z', 10, 'deposit', null, null)
on conflict (id) do nothing;

insert into public.timeline_events (id, title, description, timestamp_iso, kind, matchday_id)
values
  ('timeline-md-1-proposal-generated', 'Matchday AI Analysis Ready', 'Defensive: 3.27
Balanced: 4.41
Aggressive: 7.37
AI recommended: Balanced', '2026-04-03T14:47:00.000Z', 'matchday_proposal_generated', 'md-1')
on conflict (id) do nothing;

-- No seed rows for public.matchday_seed.
