-- Generated by scripts/supabase/database/generate-database-sql.mjs
-- Seeds the relational tables from the current data/*.ts files.

insert into public.users (id, first_name, last_name, display_name, initials, joined_on, role, email)
values
  ('brian-scott', 'Brian', 'Scott', 'Brian Scott', 'BS', '2026-03-23', 'admin', 'brianscott1980@gmail.com'),
  ('tony-mclean', 'Tony', 'McLean', 'Tony McLean', 'TM', '2026-03-23', 'member', 'tonymclean@live.co.uk'),
  ('john-colreavey', 'John', 'Colreavey', 'John Colreavey', 'JC', '2026-03-23', 'member', 'jcolreavey@gmail.com'),
  ('paul-melville', 'Paul', 'Melville', 'Paul Melville', 'PM', '2026-03-23', 'member', 'p.melville@hotmail.co.uk'),
  ('alasdair-head', 'Alasdair', 'Head', 'Alasdair Head', 'AH', '2026-03-23', 'member', 'alasdairhead@hotmail.co.uk'),
  ('paul-devine', 'Paul', 'Devine', 'Paul Devine', 'PD', '2026-03-23', 'member', 'pauldevine54@msn.com'),
  ('derek-mcmillan', 'Derek', 'McMillan', 'Derek McMillan', 'DM', '2026-03-23', 'member', 'derek.mcmillan81@gmail.com')
on conflict (id) do nothing;

insert into public.league_clubs (name, slug, badge_path, badge_source_url)
values
  ('Arsenal', 'arsenal', '/assets/clubs/premier-league/arsenal.png', 'https://r2.thesportsdb.com/images/media/team/badge/uyhbfe1612467038.png'),
  ('Aston Villa', 'aston-villa', '/assets/clubs/premier-league/aston-villa.png', 'https://r2.thesportsdb.com/images/media/team/badge/jykrpv1717309891.png'),
  ('Bournemouth', 'bournemouth', '/assets/clubs/premier-league/bournemouth.png', 'https://r2.thesportsdb.com/images/media/team/badge/y08nak1534071116.png'),
  ('Brentford', 'brentford', '/assets/clubs/premier-league/brentford.png', 'https://r2.thesportsdb.com/images/media/team/badge/grv1aw1546453779.png'),
  ('Brighton & Hove Albion', 'brighton-hove-albion', '/assets/clubs/premier-league/brighton-hove-albion.png', 'https://r2.thesportsdb.com/images/media/team/badge/ywypts1448810904.png'),
  ('Burnley', 'burnley', '/assets/clubs/premier-league/burnley.png', 'https://r2.thesportsdb.com/images/media/team/badge/ql7nl31686893820.png'),
  ('Chelsea', 'chelsea', '/assets/clubs/premier-league/chelsea.png', 'https://r2.thesportsdb.com/images/media/team/badge/yvwvtu1448813215.png'),
  ('Crystal Palace', 'crystal-palace', '/assets/clubs/premier-league/crystal-palace.png', 'https://r2.thesportsdb.com/images/media/team/badge/ia6i3m1656014992.png'),
  ('Everton', 'everton', '/assets/clubs/premier-league/everton.png', 'https://r2.thesportsdb.com/images/media/team/badge/eqayrf1523184794.png'),
  ('Fulham', 'fulham', '/assets/clubs/premier-league/fulham.png', 'https://r2.thesportsdb.com/images/media/team/badge/xwwvyt1448811086.png'),
  ('Leeds United', 'leeds-united', '/assets/clubs/premier-league/leeds-united.png', 'https://r2.thesportsdb.com/images/media/team/badge/jcgrml1756649030.png'),
  ('Liverpool', 'liverpool', '/assets/clubs/premier-league/liverpool.png', 'https://r2.thesportsdb.com/images/media/team/badge/kfaher1737969724.png'),
  ('Manchester City', 'manchester-city', '/assets/clubs/premier-league/manchester-city.png', 'https://r2.thesportsdb.com/images/media/team/badge/vwpvry1467462651.png'),
  ('Manchester United', 'manchester-united', '/assets/clubs/premier-league/manchester-united.png', 'https://r2.thesportsdb.com/images/media/team/badge/xzqdr11517660252.png'),
  ('Newcastle United', 'newcastle-united', '/assets/clubs/premier-league/newcastle-united.png', 'https://r2.thesportsdb.com/images/media/team/badge/lhwuiz1621593302.png'),
  ('Nottingham Forest', 'nottingham-forest', '/assets/clubs/premier-league/nottingham-forest.png', 'https://r2.thesportsdb.com/images/media/team/badge/bk4qjs1546440351.png'),
  ('Sunderland', 'sunderland', '/assets/clubs/premier-league/sunderland.png', 'https://r2.thesportsdb.com/images/media/team/badge/tprtus1448813498.png'),
  ('Tottenham Hotspur', 'tottenham-hotspur', '/assets/clubs/premier-league/tottenham-hotspur.png', 'https://r2.thesportsdb.com/images/media/team/badge/dfyfhl1604094109.png'),
  ('West Ham United', 'west-ham-united', '/assets/clubs/premier-league/west-ham-united.png', 'https://r2.thesportsdb.com/images/media/team/badge/yutyxs1467459956.png'),
  ('Wolverhampton Wanderers', 'wolverhampton-wanderers', '/assets/clubs/premier-league/wolverhampton-wanderers.png', 'https://r2.thesportsdb.com/images/media/team/badge/u9qr031621593327.png')
on conflict (slug) do nothing;

insert into public.matchday_game_weeks (id, slug, name, description, window_start_iso, window_end_iso, starts_in, proposal_ids, votes_by_user_id, simulated_slip)
values
  ('md-32', 'matchday-32', 'Matchday 32 Voting Stage', 'Premier League Matchday 32 analysis is complete.', '2026-04-10T11:30:00.000Z', '2026-04-13T21:00:00.000Z', 'Fri 10 Apr - Mon 13 Apr', '["md-32:defensive","md-32:neutral","md-32:aggressive"]'::jsonb, '{"brian-scott":"neutral","tony-mclean":"neutral","john-colreavey":"neutral","paul-melville":"defensive","alasdair-head":"neutral","paul-devine":"defensive"}'::jsonb, '{"proposalId":"neutral","timelineLabel":"AI Recommended Strategy","stake":42,"stakePlacedAt":"2026-04-10T10:15:00.000Z","settledAt":"2026-04-13T20:55:00.000Z","settlementKind":"cashout","returnAmount":61,"status":"win"}'::jsonb),
  ('md-33', 'matchday-33', 'Matchday 33 Voting Stage', 'Premier League Matchday 33 analysis is complete.', '2026-04-18T11:30:00.000Z', '2026-04-20T21:00:00.000Z', 'Sat 18 Apr - Mon 20 Apr', '["md-33:defensive","md-33:neutral","md-33:aggressive"]'::jsonb, '{"brian-scott":"neutral","tony-mclean":"defensive","john-colreavey":"neutral","paul-melville":"aggressive","alasdair-head":"neutral","paul-devine":"defensive","derek-mcmillan":"neutral"}'::jsonb, null),
  ('md-34', 'matchday-34', 'Matchday 34 Voting Stage', 'Premier League Matchday 34 analysis is complete.', '2026-04-24T19:00:00.000Z', '2026-04-27T21:00:00.000Z', 'Fri 24 Apr - Mon 27 Apr', '["md-34:defensive","md-34:neutral","md-34:aggressive"]'::jsonb, '{"brian-scott":"defensive","tony-mclean":"neutral","john-colreavey":"neutral","paul-melville":"neutral","alasdair-head":"defensive","paul-devine":"neutral","derek-mcmillan":"defensive"}'::jsonb, null),
  ('md-35', 'matchday-35', 'Matchday 35 Voting Stage', 'Premier League Matchday 35 analysis is complete.', '2026-05-02T14:00:00.000Z', '2026-05-02T17:00:00.000Z', 'Sat 2 May', '["md-35:defensive","md-35:neutral","md-35:aggressive"]'::jsonb, '{"brian-scott":"neutral","tony-mclean":"defensive","john-colreavey":"neutral","paul-melville":"aggressive","alasdair-head":"neutral","paul-devine":"neutral","derek-mcmillan":"defensive"}'::jsonb, null),
  ('md-36', 'matchday-36', 'Matchday 36 Voting Stage', 'Premier League Matchday 36 analysis is complete.', '2026-05-09T14:00:00.000Z', '2026-05-09T17:00:00.000Z', 'Sat 9 May', '["md-36:defensive","md-36:neutral","md-36:aggressive"]'::jsonb, '{"brian-scott":"neutral","tony-mclean":"neutral","john-colreavey":"defensive","paul-melville":"aggressive","alasdair-head":"neutral","paul-devine":"defensive","derek-mcmillan":"neutral"}'::jsonb, null),
  ('md-37', 'matchday-37', 'Matchday 37 Voting Stage', 'Premier League Matchday 37 analysis is complete.', '2026-05-17T14:00:00.000Z', '2026-05-17T17:00:00.000Z', 'Sun 17 May', '["md-37:defensive","md-37:neutral","md-37:aggressive"]'::jsonb, '{"brian-scott":"neutral","tony-mclean":"defensive","john-colreavey":"neutral","paul-melville":"aggressive","alasdair-head":"neutral","paul-devine":"neutral","derek-mcmillan":"defensive"}'::jsonb, null),
  ('md-38', 'matchday-38', 'Matchday 38 Voting Stage', 'Premier League Matchday 38 analysis is complete.', '2026-05-24T14:00:00.000Z', '2026-05-24T17:00:00.000Z', 'Sun 24 May', '["md-38:defensive","md-38:neutral","md-38:aggressive"]'::jsonb, '{"brian-scott":"neutral","tony-mclean":"neutral","john-colreavey":"defensive","paul-melville":"aggressive","alasdair-head":"neutral","paul-devine":"defensive","derek-mcmillan":"neutral"}'::jsonb, null)
on conflict (id) do nothing;

insert into public.market_analysis_snapshots (id, bookmaker, snapshot_date, matchday_id)
values
  ('ladbrokes-md-32-2026-03-31', 'Ladbrokes', '2026-03-31', 'md-32')
on conflict (id) do nothing;

insert into public.market_analysis_selections (id, snapshot_id, fixture, market, selection, decimal_odds)
values
  ('arsenal-bournemouth-arsenal-dnb', 'ladbrokes-md-32-2026-03-31', 'Arsenal v Bournemouth', 'Draw No Bet', 'Arsenal', 1.28),
  ('liverpool-fulham-over-1-5', 'ladbrokes-md-32-2026-03-31', 'Liverpool v Fulham', 'Total Goals', 'Over 1.5 Goals', 1.22),
  ('chelsea-man-city-over-1-5', 'ladbrokes-md-32-2026-03-31', 'Chelsea v Man City', 'Total Goals', 'Over 1.5 Goals', 1.33),
  ('arsenal-bournemouth-arsenal-win', 'ladbrokes-md-32-2026-03-31', 'Arsenal v Bournemouth', 'Match Result', 'Arsenal', 1.5),
  ('liverpool-fulham-liverpool-win', 'ladbrokes-md-32-2026-03-31', 'Liverpool v Fulham', 'Match Result', 'Liverpool', 1.42),
  ('chelsea-man-city-btts', 'ladbrokes-md-32-2026-03-31', 'Chelsea v Man City', 'Both Teams To Score', 'Yes', 1.57),
  ('man-utd-leeds-over-2-5', 'ladbrokes-md-32-2026-03-31', 'Man Utd v Leeds United', 'Total Goals', 'Over 2.5 Goals', 1.72),
  ('arsenal-bournemouth-arsenal-minus-1', 'ladbrokes-md-32-2026-03-31', 'Arsenal v Bournemouth', 'Handicap', 'Arsenal -1', 1.95),
  ('liverpool-fulham-liverpool-win-over-2-5', 'ladbrokes-md-32-2026-03-31', 'Liverpool v Fulham', 'Bet Builder', 'Liverpool to Win & Over 2.5 Goals', 1.83),
  ('chelsea-man-city-btts-over-2-5', 'ladbrokes-md-32-2026-03-31', 'Chelsea v Man City', 'Bet Builder', 'Both Teams To Score & Over 2.5 Goals', 1.91),
  ('man-utd-leeds-man-utd-win-over-2-5', 'ladbrokes-md-32-2026-03-31', 'Man Utd v Leeds United', 'Bet Builder', 'Man Utd to Win & Over 2.5 Goals', 1.89)
on conflict (id) do nothing;

insert into public.matchday_proposals (id, game_week_id, proposal_id, risk_level, title, summary, legs, status_label, bet_line_ids, ai_recommended)
values
  ('md-32:defensive', 'md-32', 'defensive', 'safe', 'Defensive', 'Arsenal''s stronger recent league run, Bournemouth''s draw-heavy spell, and safer goal lines in Liverpool-Fulham and Chelsea-City keep this build focused on preserving the pot.', 3, 'Safe', '["arsenal-bournemouth-arsenal-dnb","liverpool-fulham-over-1-5","chelsea-man-city-over-1-5"]'::jsonb, null),
  ('md-32:neutral', 'md-32', 'neutral', 'balanced', 'Neutral', 'This group leans on Arsenal and Liverpool carrying the stronger recent form, then uses goals-based angles where Chelsea-City and United-Leeds still project enough attacking activity for steady progress.', 4, 'Balanced', '["arsenal-bournemouth-arsenal-win","liverpool-fulham-liverpool-win","chelsea-man-city-btts","man-utd-leeds-over-2-5"]'::jsonb, true),
  ('md-32:aggressive', 'md-32', 'aggressive', 'aggressive', 'Aggressive', 'This is the return-led build, pushing Arsenal and Liverpool into stronger win conditions and leaning into the higher-event patterns around Chelsea-City and United-Leeds for bigger upside.', 4, 'Aggressive', '["arsenal-bournemouth-arsenal-minus-1","liverpool-fulham-liverpool-win-over-2-5","chelsea-man-city-btts-over-2-5","man-utd-leeds-man-utd-win-over-2-5"]'::jsonb, null),
  ('md-33:defensive', 'md-33', 'defensive', 'safe', 'Defensive', 'This build stays conservative with draw protection around the stronger home sides and low-risk goal lines in the clearer fixtures across the round.', 3, 'Safe', '["md-33:defensive:bet-line-1","md-33:defensive:bet-line-2","md-33:defensive:bet-line-3"]'::jsonb, null),
  ('md-33:neutral', 'md-33', 'neutral', 'balanced', 'Neutral', 'The balanced route upgrades the result asks on the stronger favourites and leans into the more attack-minded fixtures without going all the way into builder territory.', 4, 'Balanced', '["md-33:neutral:bet-line-1","md-33:neutral:bet-line-2","md-33:neutral:bet-line-3","md-33:neutral:bet-line-4"]'::jsonb, true),
  ('md-33:aggressive', 'md-33', 'aggressive', 'aggressive', 'Aggressive', 'This is the return-led build, turning the marquee ties into higher-event builders and asking the stronger home side to win with more authority.', 4, 'Aggressive', '["md-33:aggressive:bet-line-1","md-33:aggressive:bet-line-2","md-33:aggressive:bet-line-3","md-33:aggressive:bet-line-4"]'::jsonb, null),
  ('md-34:defensive', 'md-34', 'defensive', 'safe', 'Defensive', 'A lower-volatility build that leans on safer result protection and low goal lines in the clearer fixtures across the amended round.', 3, 'Safe', '["md-34:defensive:bet-line-1","md-34:defensive:bet-line-2","md-34:defensive:bet-line-3"]'::jsonb, null),
  ('md-34:neutral', 'md-34', 'neutral', 'balanced', 'Neutral', 'The balanced slip pushes the stronger home teams into cleaner result asks and keeps one goals-based angle in the more open televised closer.', 4, 'Balanced', '["md-34:neutral:bet-line-1","md-34:neutral:bet-line-2","md-34:neutral:bet-line-3","md-34:neutral:bet-line-4"]'::jsonb, true),
  ('md-34:aggressive', 'md-34', 'aggressive', 'aggressive', 'Aggressive', 'This build combines the clearer favourites with higher-event builders to chase a bigger week-on-week jump.', 4, 'Aggressive', '["md-34:aggressive:bet-line-1","md-34:aggressive:bet-line-2","md-34:aggressive:bet-line-3","md-34:aggressive:bet-line-4"]'::jsonb, null),
  ('md-35:defensive', 'md-35', 'defensive', 'safe', 'Defensive', 'A lower-volatility build centered on the stronger home sides and a pair of safer total-goals lines in the clearest fixtures of the round.', 3, 'Safe', '["md-35:defensive:bet-line-1","md-35:defensive:bet-line-2","md-35:defensive:bet-line-3"]'::jsonb, null),
  ('md-35:neutral', 'md-35', 'neutral', 'balanced', 'Neutral', 'The balanced route upgrades the stronger home teams into straight result calls and keeps one goals-based angle in the round''s headline fixtures.', 4, 'Balanced', '["md-35:neutral:bet-line-1","md-35:neutral:bet-line-2","md-35:neutral:bet-line-3","md-35:neutral:bet-line-4"]'::jsonb, true),
  ('md-35:aggressive', 'md-35', 'aggressive', 'aggressive', 'Aggressive', 'This version turns the strongest favourites into builders and leans hardest into the higher-event fixtures to chase the biggest upside.', 4, 'Aggressive', '["md-35:aggressive:bet-line-1","md-35:aggressive:bet-line-2","md-35:aggressive:bet-line-3","md-35:aggressive:bet-line-4"]'::jsonb, null),
  ('md-36:defensive', 'md-36', 'defensive', 'safe', 'Defensive', 'This build keeps things measured with draw protection on the strongest home side and safer goals lines in the more open fixtures.', 3, 'Safe', '["md-36:defensive:bet-line-1","md-36:defensive:bet-line-2","md-36:defensive:bet-line-3"]'::jsonb, null),
  ('md-36:neutral', 'md-36', 'neutral', 'balanced', 'Neutral', 'The balanced route upgrades the stronger home favourites into straight result picks and keeps one goals angle in the round''s standout matchup.', 4, 'Balanced', '["md-36:neutral:bet-line-1","md-36:neutral:bet-line-2","md-36:neutral:bet-line-3","md-36:neutral:bet-line-4"]'::jsonb, true),
  ('md-36:aggressive', 'md-36', 'aggressive', 'aggressive', 'Aggressive', 'This is the high-upside version, combining the clearest favourites with builders in the round''s most attack-friendly fixtures.', 4, 'Aggressive', '["md-36:aggressive:bet-line-1","md-36:aggressive:bet-line-2","md-36:aggressive:bet-line-3","md-36:aggressive:bet-line-4"]'::jsonb, null),
  ('md-37:defensive', 'md-37', 'defensive', 'safe', 'Defensive', 'This build keeps the asks conservative with low goal lines and draw protection around the strongest teams on a packed Sunday slate.', 3, 'Safe', '["md-37:defensive:bet-line-1","md-37:defensive:bet-line-2","md-37:defensive:bet-line-3"]'::jsonb, null),
  ('md-37:neutral', 'md-37', 'neutral', 'balanced', 'Neutral', 'The balanced route moves the stronger favourites into straight wins and leans into one bigger attacking spot for added upside.', 4, 'Balanced', '["md-37:neutral:bet-line-1","md-37:neutral:bet-line-2","md-37:neutral:bet-line-3","md-37:neutral:bet-line-4"]'::jsonb, true),
  ('md-37:aggressive', 'md-37', 'aggressive', 'aggressive', 'Aggressive', 'This is the higher-return version, turning the strongest sides into builders and using derby volatility to chase the bigger payout.', 4, 'Aggressive', '["md-37:aggressive:bet-line-1","md-37:aggressive:bet-line-2","md-37:aggressive:bet-line-3","md-37:aggressive:bet-line-4"]'::jsonb, null),
  ('md-38:defensive', 'md-38', 'defensive', 'safe', 'Defensive', 'The final-day defensive build avoids the most chaotic result calls and leans on safer totals plus draw protection on the clearest favourite.', 3, 'Safe', '["md-38:defensive:bet-line-1","md-38:defensive:bet-line-2","md-38:defensive:bet-line-3"]'::jsonb, null),
  ('md-38:neutral', 'md-38', 'neutral', 'balanced', 'Neutral', 'The balanced final-day slip backs the stronger favourites and keeps one BTTS angle in the fixture most likely to stretch.', 4, 'Balanced', '["md-38:neutral:bet-line-1","md-38:neutral:bet-line-2","md-38:neutral:bet-line-3","md-38:neutral:bet-line-4"]'::jsonb, true),
  ('md-38:aggressive', 'md-38', 'aggressive', 'aggressive', 'Aggressive', 'This is the higher-return final-day version, combining the strongest favourites with builders in the fixtures most likely to turn chaotic.', 4, 'Aggressive', '["md-38:aggressive:bet-line-1","md-38:aggressive:bet-line-2","md-38:aggressive:bet-line-3","md-38:aggressive:bet-line-4"]'::jsonb, null)
on conflict (id) do nothing;

insert into public.matchday_bet_lines (id, game_week_id, proposal_entity_id, sort_order, label, schedule_note, ai_reasoning, form_id, form_note, market_id, odds)
values
  ('arsenal-bournemouth-arsenal-dnb', 'md-32', 'md-32:defensive', 0, 'Arsenal v Bournemouth: Arsenal Draw No Bet', 'Sat 11 Apr, 12:30 BST', 'Arsenal won four of their last five league matches, while Bournemouth came in off one win and three draws in five, so draw protection fits the safer opener.', 'arsenal-bournemouth-arsenal-dnb:form', 'Arsenal last 5 league matches: 4W 0D 1L. Bournemouth last 5 league matches: 1W 3D 1L.', 'arsenal-bournemouth-arsenal-dnb', null),
  ('liverpool-fulham-over-1-5', 'md-32', 'md-32:defensive', 1, 'Liverpool v Fulham: Over 1.5 Goals', 'Sat 11 Apr, 17:30 BST', 'Liverpool scored nine across recent wins over West Ham and Wolves, and Fulham''s last four league and cup games still gave a two-goal floor enough to support a safer totals angle.', 'liverpool-fulham-over-1-5:form', 'Liverpool recent scoring form: 9 goals across their latest two wins. Fulham recent match trend: their last 4 league and cup games all still supported a 2+ goal script.', 'liverpool-fulham-over-1-5', null),
  ('chelsea-man-city-over-1-5', 'md-32', 'md-32:defensive', 2, 'Chelsea v Man City: Over 1.5 Goals', 'Sun 12 Apr, 16:30 BST', 'Chelsea''s last five across league and Europe produced 20 total goals and City''s recent run mixed 10 scored with 8 conceded, so a low goals line is the safer way into the fixture.', 'chelsea-man-city-over-1-5:form', 'Chelsea recent 5 across league and Europe: 20 total match goals. Man City recent run: 10 scored and 8 conceded.', 'chelsea-man-city-over-1-5', null),
  ('arsenal-bournemouth-arsenal-win', 'md-32', 'md-32:neutral', 0, 'Arsenal v Bournemouth: Arsenal to Win', 'Sat 11 Apr, 12:30 BST', 'Arsenal''s recent league wins over Chelsea, Brighton and Everton give the home win enough form support to add upside without jumping straight to a margin play.', 'arsenal-bournemouth-arsenal-win:form', 'Arsenal last 5 league matches: 4W 0D 1L. Bournemouth last 5 league matches: 1W 3D 1L.', 'arsenal-bournemouth-arsenal-win', null),
  ('liverpool-fulham-liverpool-win', 'md-32', 'md-32:neutral', 1, 'Liverpool v Fulham: Liverpool to Win', 'Sat 11 Apr, 17:30 BST', 'Liverpool won three of their last four league matches before the break and carried the clearer scoring edge into a meeting with a Fulham side that had one win in four league and cup games.', 'liverpool-fulham-liverpool-win:form', 'Liverpool recent form: 3 wins from their last 4 league matches. Fulham recent form: 1 win from their last 4 league and cup games.', 'liverpool-fulham-liverpool-win', null),
  ('chelsea-man-city-btts', 'md-32', 'md-32:neutral', 2, 'Chelsea v Man City: Both Teams To Score', 'Sun 12 Apr, 16:30 BST', 'Chelsea have both scored and conceded heavily in recent league and European matches, while City''s recent 2-2 with Forest keeps a BTTS script live here.', 'chelsea-man-city-btts:form', 'Chelsea recent profile: goals at both ends have been common across their latest league and European matches. Man City recent profile: the 2-2 draw with Forest kept their BTTS trend live.', 'chelsea-man-city-btts', null),
  ('man-utd-leeds-over-2-5', 'md-32', 'md-32:neutral', 3, 'Man Utd v Leeds United: Over 2.5 Goals', 'Mon 13 Apr, 20:00 BST', 'United''s recent league games have rarely stayed quiet and Leeds still created scoring games against Chelsea and Villa, which keeps the goals angle preferable to a tighter result call.', 'man-utd-leeds-over-2-5:form', 'Man Utd recent trend: their latest league games have stayed open. Leeds recent trend: matches against Chelsea and Villa still produced enough attacking action for a 3+ goal angle.', 'man-utd-leeds-over-2-5', null),
  ('arsenal-bournemouth-arsenal-minus-1', 'md-32', 'md-32:aggressive', 0, 'Arsenal v Bournemouth: Arsenal -1 Handicap', 'Sat 11 Apr, 12:30 BST', 'Arsenal''s stronger run of league wins and Bournemouth''s recent low-scoring, draw-heavy stretch make the home margin angle viable once the build shifts from protection to profit.', 'arsenal-bournemouth-arsenal-minus-1:form', 'Arsenal last 5 league matches: 4W 0D 1L, strong enough to support a margin play. Bournemouth last 5 league matches: 1W 3D 1L.', 'arsenal-bournemouth-arsenal-minus-1', null),
  ('liverpool-fulham-liverpool-win-over-2-5', 'md-32', 'md-32:aggressive', 1, 'Liverpool v Fulham: Liverpool to Win & Over 2.5 Goals', 'Sat 11 Apr, 17:30 BST', 'Liverpool''s recent scoring spikes, including five against West Ham and three in the cup at Wolves, support combining the home win with a higher goals line for more return.', 'liverpool-fulham-liverpool-win-over-2-5:form', 'Liverpool recent form: 3 wins from their last 4 league matches, with scoring spikes in recent victories. Fulham recent games still carry enough goal volume to support a win-plus-goals builder.', 'liverpool-fulham-liverpool-win-over-2-5', null),
  ('chelsea-man-city-btts-over-2-5', 'md-32', 'md-32:aggressive', 2, 'Chelsea v Man City: Both Teams To Score & Over 2.5 Goals', 'Sun 12 Apr, 16:30 BST', 'Chelsea''s last five across league and Europe were full of goals at both ends, and City''s recent results still point to enough chance volume to justify the higher-event builder.', 'chelsea-man-city-btts-over-2-5:form', 'Chelsea recent 5 across league and Europe: high-event games at both ends. Man City recent run: enough scoring and concession volume to keep BTTS plus goals live.', 'chelsea-man-city-btts-over-2-5', null),
  ('man-utd-leeds-man-utd-win-over-2-5', 'md-32', 'md-32:aggressive', 3, 'Man Utd v Leeds United: Man Utd to Win & Over 2.5 Goals', 'Mon 13 Apr, 20:00 BST', 'United still carry the stronger result profile, while Leeds'' recent matches with Chelsea and Villa show they can help stretch the game enough for a win-plus-goals closer.', 'man-utd-leeds-man-utd-win-over-2-5:form', 'Man Utd recent form: stronger result profile heading in. Leeds recent matches: enough game stretch against Chelsea and Villa to support a win-plus-goals angle.', 'man-utd-leeds-man-utd-win-over-2-5', null),
  ('md-33:defensive:bet-line-1', 'md-33', 'md-33:defensive', 0, 'Brentford v Fulham: Over 1.5 Goals', 'Sat 18 Apr, 12:30 BST', 'A west London derby with two front-foot sides makes the safer two-goal line a steadier opener than picking a result.', null, null, null, '1.28'),
  ('md-33:defensive:bet-line-2', 'md-33', 'md-33:defensive', 1, 'Aston Villa v Sunderland: Aston Villa Draw No Bet', 'Sun 19 Apr, 14:00 BST', 'Villa''s home edge makes them the stronger side, while draw cover keeps the slip in the lower-volatility lane.', null, null, null, '1.26'),
  ('md-33:defensive:bet-line-3', 'md-33', 'md-33:defensive', 2, 'Crystal Palace v West Ham United: Over 1.5 Goals', 'Mon 20 Apr, 20:00 BST', 'Both sides are usually open enough in transition for a low total-goals line to be the safer late anchor.', null, null, null, '1.31'),
  ('md-33:neutral:bet-line-1', 'md-33', 'md-33:neutral', 0, 'Newcastle United v Bournemouth: Newcastle United to Win', 'Sat 18 Apr, 15:00 BST', 'Newcastle''s home advantage is enough to support the straight result once we step up from pure protection.', null, null, null, '1.62'),
  ('md-33:neutral:bet-line-2', 'md-33', 'md-33:neutral', 1, 'Chelsea v Man Utd: Both Teams To Score', 'Sat 18 Apr, 20:00 BST', 'Both clubs carry enough attacking quality to make a goals-at-both-ends angle cleaner than choosing the winner.', null, null, null, '1.68'),
  ('md-33:neutral:bet-line-3', 'md-33', 'md-33:neutral', 2, 'Everton v Liverpool: Over 2.5 Goals', 'Sun 19 Apr, 14:00 BST', 'Derbies can be volatile, and the goals line gives the slip upside without relying on one side to control the occasion.', null, null, null, '1.74'),
  ('md-33:neutral:bet-line-4', 'md-33', 'md-33:neutral', 3, 'Man City v Arsenal: Both Teams To Score', 'Sun 19 Apr, 16:30 BST', 'This is the highest-quality matchup of the round, and a mutual scoring angle is the cleaner balanced play.', null, null, null, '1.67'),
  ('md-33:aggressive:bet-line-1', 'md-33', 'md-33:aggressive', 0, 'Newcastle United v Bournemouth: Newcastle United to Win & Over 2.5 Goals', 'Sat 18 Apr, 15:00 BST', 'Newcastle''s home edge and Bournemouth''s ability to keep games open make the builder attractive at the aggressive tier.', null, null, null, '2.14'),
  ('md-33:aggressive:bet-line-2', 'md-33', 'md-33:aggressive', 1, 'Chelsea v Man Utd: Both Teams To Score & Over 2.5 Goals', 'Sat 18 Apr, 20:00 BST', 'The attacking talent on both sides makes the higher-event builder more appealing than a straight result call.', null, null, null, '1.98'),
  ('md-33:aggressive:bet-line-3', 'md-33', 'md-33:aggressive', 2, 'Everton v Liverpool: Both Teams To Score & Over 2.5 Goals', 'Sun 19 Apr, 14:00 BST', 'A derby script with chances at both ends gives this leg a stronger ceiling in the high-return build.', null, null, null, '2.06'),
  ('md-33:aggressive:bet-line-4', 'md-33', 'md-33:aggressive', 3, 'Man City v Arsenal: Both Teams To Score & Over 2.5 Goals', 'Sun 19 Apr, 16:30 BST', 'If the headline fixture opens up, this builder gives the slip its biggest upside jump.', null, null, null, '2.01'),
  ('md-34:defensive:bet-line-1', 'md-34', 'md-34:defensive', 0, 'Fulham v Aston Villa: Over 1.5 Goals', 'Sat 25 Apr, 12:30 BST', 'Both sides are usually positive enough to make the two-goal line a steadier way into the weekend.', null, null, null, '1.29'),
  ('md-34:defensive:bet-line-2', 'md-34', 'md-34:defensive', 1, 'Arsenal v Newcastle United: Arsenal Draw No Bet', 'Sat 25 Apr, 17:30 BST', 'Arsenal''s home edge is meaningful, but draw cover respects the difficulty of the matchup.', null, null, null, '1.34'),
  ('md-34:defensive:bet-line-3', 'md-34', 'md-34:defensive', 2, 'Brighton v Chelsea: Over 1.5 Goals', 'Sun 26 Apr, 16:30 BST', 'Two sides comfortable in possession make a low goals line the safer closer than picking a winner.', null, null, null, '1.30'),
  ('md-34:neutral:bet-line-1', 'md-34', 'md-34:neutral', 0, 'Sunderland v Nottingham Forest: Over 1.5 Goals', 'Fri 24 Apr, 20:00 BST', 'The Friday opener profiles better as a totals play than a result selection, but the balanced slip can still lean into goals.', null, null, null, '1.56'),
  ('md-34:neutral:bet-line-2', 'md-34', 'md-34:neutral', 1, 'Liverpool v Crystal Palace: Liverpool to Win', 'Sat 25 Apr, 15:00 BST', 'Liverpool remain the stronger home side, making the straight result acceptable in the balanced build.', null, null, null, '1.47'),
  ('md-34:neutral:bet-line-3', 'md-34', 'md-34:neutral', 2, 'Arsenal v Newcastle United: Arsenal to Win', 'Sat 25 Apr, 17:30 BST', 'Once the slip becomes more assertive, Arsenal''s home advantage is enough to support the straight win.', null, null, null, '1.78'),
  ('md-34:neutral:bet-line-4', 'md-34', 'md-34:neutral', 3, 'Man Utd v Brentford: Over 2.5 Goals', 'Mon 27 Apr, 20:00 BST', 'The Monday night game carries enough attacking variance to support the stronger goals line.', null, null, null, '1.72'),
  ('md-34:aggressive:bet-line-1', 'md-34', 'md-34:aggressive', 0, 'Liverpool v Crystal Palace: Liverpool to Win & Over 2.5 Goals', 'Sat 25 Apr, 15:00 BST', 'Liverpool''s home attack gives enough upside to combine the result with a stronger goals line.', null, null, null, '1.96'),
  ('md-34:aggressive:bet-line-2', 'md-34', 'md-34:aggressive', 1, 'Arsenal v Newcastle United: Both Teams To Score & Over 2.5 Goals', 'Sat 25 Apr, 17:30 BST', 'If the headline Saturday game opens up, this builder gives the aggressive slip the bigger payoff it wants.', null, null, null, '2.24'),
  ('md-34:aggressive:bet-line-3', 'md-34', 'md-34:aggressive', 2, 'Brighton v Chelsea: Both Teams To Score & Over 2.5 Goals', 'Sun 26 Apr, 16:30 BST', 'Two technical sides with enough attack-minded players make the higher-event builder live here.', null, null, null, '2.02'),
  ('md-34:aggressive:bet-line-4', 'md-34', 'md-34:aggressive', 3, 'Man Utd v Brentford: Man Utd to Win & Over 2.5 Goals', 'Mon 27 Apr, 20:00 BST', 'United''s home edge paired with a livelier game state makes this the stronger Monday closer for the aggressive build.', null, null, null, '2.10'),
  ('md-35:defensive:bet-line-1', 'md-35', 'md-35:defensive', 0, 'Aston Villa v Tottenham Hotspur: Over 1.5 Goals', 'Sat 2 May, 15:00 BST', 'This matchup has enough attacking quality to make the safer two-goal line the right conservative opener.', null, null, null, '1.30'),
  ('md-35:defensive:bet-line-2', 'md-35', 'md-35:defensive', 1, 'Arsenal v Fulham: Arsenal Draw No Bet', 'Sat 2 May, 15:00 BST', 'Arsenal''s home edge makes them the stronger side, but draw cover keeps this version of the slip under control.', null, null, null, '1.20'),
  ('md-35:defensive:bet-line-3', 'md-35', 'md-35:defensive', 2, 'Everton v Man City: Over 1.5 Goals', 'Sat 2 May, 15:00 BST', 'The final game of the round profiles better as a low-goals floor than a pure result call at the safest tier.', null, null, null, '1.29'),
  ('md-35:neutral:bet-line-1', 'md-35', 'md-35:neutral', 0, 'Leeds United v Burnley: Over 2.5 Goals', 'Sat 2 May, 15:00 BST', 'This fixture projects well for chance volume, so the stronger goals line fits the balanced build.', null, null, null, '1.79'),
  ('md-35:neutral:bet-line-2', 'md-35', 'md-35:neutral', 1, 'Arsenal v Fulham: Arsenal to Win', 'Sat 2 May, 15:00 BST', 'Arsenal''s home control is enough to support the straight result once we step up from protection.', null, null, null, '1.44'),
  ('md-35:neutral:bet-line-3', 'md-35', 'md-35:neutral', 2, 'Chelsea v Nottingham Forest: Chelsea to Win', 'Sat 2 May, 15:00 BST', 'Chelsea''s home edge makes the straight result acceptable in the balanced version of the slip.', null, null, null, '1.61'),
  ('md-35:neutral:bet-line-4', 'md-35', 'md-35:neutral', 3, 'Everton v Man City: Both Teams To Score', 'Sat 2 May, 15:00 BST', 'This is the cleaner route into the late game, avoiding a tighter result call while still leaning into the attacking quality.', null, null, null, '1.76'),
  ('md-35:aggressive:bet-line-1', 'md-35', 'md-35:aggressive', 0, 'Leeds United v Burnley: Both Teams To Score & Over 2.5 Goals', 'Sat 2 May, 15:00 BST', 'This fixture has enough volatility to justify going after the higher-event builder.', null, null, null, '2.08'),
  ('md-35:aggressive:bet-line-2', 'md-35', 'md-35:aggressive', 1, 'Aston Villa v Tottenham Hotspur: Both Teams To Score & Over 2.5 Goals', 'Sat 2 May, 15:00 BST', 'Both teams have enough attack to stretch the game, making the builder the stronger aggressive angle.', null, null, null, '2.04'),
  ('md-35:aggressive:bet-line-3', 'md-35', 'md-35:aggressive', 2, 'Arsenal v Fulham: Arsenal to Win & Over 2.5 Goals', 'Sat 2 May, 15:00 BST', 'Arsenal''s home edge gives enough confidence to merge the result with the stronger goals line.', null, null, null, '1.97'),
  ('md-35:aggressive:bet-line-4', 'md-35', 'md-35:aggressive', 3, 'Everton v Man City: Both Teams To Score & Over 2.5 Goals', 'Sat 2 May, 15:00 BST', 'If the marquee closer opens up, this builder gives the slip its biggest return spike.', null, null, null, '2.02'),
  ('md-36:defensive:bet-line-1', 'md-36', 'md-36:defensive', 0, 'Liverpool v Chelsea: Over 1.5 Goals', 'Sat 9 May, 15:00 BST', 'The early headline fixture has enough attacking quality on both sides to make the low goals line the safest route in.', null, null, null, '1.27'),
  ('md-36:defensive:bet-line-2', 'md-36', 'md-36:defensive', 1, 'Man City v Brentford: Man City Draw No Bet', 'Sat 9 May, 15:00 BST', 'City are the stronger side at home, but draw cover keeps the defensive slip disciplined.', null, null, null, '1.18'),
  ('md-36:defensive:bet-line-3', 'md-36', 'md-36:defensive', 2, 'Tottenham Hotspur v Leeds United: Over 1.5 Goals', 'Sat 9 May, 15:00 BST', 'This fixture profiles better as a two-goal floor than a result call at the lowest-risk tier.', null, null, null, '1.26'),
  ('md-36:neutral:bet-line-1', 'md-36', 'md-36:neutral', 0, 'Liverpool v Chelsea: Both Teams To Score', 'Sat 9 May, 15:00 BST', 'Both clubs have enough attacking quality to make a mutual scoring angle cleaner than choosing the winner.', null, null, null, '1.71'),
  ('md-36:neutral:bet-line-2', 'md-36', 'md-36:neutral', 1, 'Man City v Brentford: Man City to Win', 'Sat 9 May, 15:00 BST', 'City''s home edge is strong enough to support the straight result once the slip steps up from pure protection.', null, null, null, '1.37'),
  ('md-36:neutral:bet-line-3', 'md-36', 'md-36:neutral', 2, 'West Ham United v Arsenal: Arsenal to Win', 'Sat 9 May, 15:00 BST', 'Arsenal''s overall quality gives the away win enough support to sit inside the balanced build.', null, null, null, '1.71'),
  ('md-36:neutral:bet-line-4', 'md-36', 'md-36:neutral', 3, 'Tottenham Hotspur v Leeds United: Over 2.5 Goals', 'Sat 9 May, 15:00 BST', 'This matchup has enough transition potential to support the stronger goals line.', null, null, null, '1.74'),
  ('md-36:aggressive:bet-line-1', 'md-36', 'md-36:aggressive', 0, 'Liverpool v Chelsea: Both Teams To Score & Over 2.5 Goals', 'Sat 9 May, 15:00 BST', 'If the marquee matchup opens up, this builder creates immediate upside for the aggressive slip.', null, null, null, '2.01'),
  ('md-36:aggressive:bet-line-2', 'md-36', 'md-36:aggressive', 1, 'Man City v Brentford: Man City to Win & Over 2.5 Goals', 'Sat 9 May, 15:00 BST', 'City''s home attack makes the win-plus-goals builder the sharper high-return angle here.', null, null, null, '1.86'),
  ('md-36:aggressive:bet-line-3', 'md-36', 'md-36:aggressive', 2, 'West Ham United v Arsenal: Arsenal to Win & Over 2.5 Goals', 'Sat 9 May, 15:00 BST', 'Arsenal''s edge combined with a livelier game state gives this leg a stronger ceiling.', null, null, null, '2.21'),
  ('md-36:aggressive:bet-line-4', 'md-36', 'md-36:aggressive', 3, 'Tottenham Hotspur v Leeds United: Both Teams To Score & Over 2.5 Goals', 'Sat 9 May, 15:00 BST', 'The final fixture has the right shape for a higher-event closer in the aggressive build.', null, null, null, '2.08'),
  ('md-37:defensive:bet-line-1', 'md-37', 'md-37:defensive', 0, 'Arsenal v Burnley: Arsenal Draw No Bet', 'Sun 17 May, 15:00 BST', 'Arsenal are still the stronger side, and draw cover keeps the final-week pressure from pushing the slip too far.', null, null, null, '1.15'),
  ('md-37:defensive:bet-line-2', 'md-37', 'md-37:defensive', 1, 'Chelsea v Tottenham Hotspur: Over 1.5 Goals', 'Sun 17 May, 15:00 BST', 'The derby carries enough attacking quality for the two-goal line to be the steadier conservative route.', null, null, null, '1.29'),
  ('md-37:defensive:bet-line-3', 'md-37', 'md-37:defensive', 2, 'Man Utd v Nottingham Forest: Over 1.5 Goals', 'Sun 17 May, 15:00 BST', 'The home side''s game states tend to create enough goal volume for a low floor to make sense.', null, null, null, '1.28'),
  ('md-37:neutral:bet-line-1', 'md-37', 'md-37:neutral', 0, 'Bournemouth v Man City: Man City to Win', 'Sun 17 May, 15:00 BST', 'City''s overall quality still gives the away win enough support to sit inside the balanced build.', null, null, null, '1.56'),
  ('md-37:neutral:bet-line-2', 'md-37', 'md-37:neutral', 1, 'Arsenal v Burnley: Arsenal to Win', 'Sun 17 May, 15:00 BST', 'Arsenal''s home control is strong enough to support the straight result once we leave draw protection behind.', null, null, null, '1.32'),
  ('md-37:neutral:bet-line-3', 'md-37', 'md-37:neutral', 2, 'Chelsea v Tottenham Hotspur: Both Teams To Score', 'Sun 17 May, 15:00 BST', 'The derby profiles better as a mutual scoring spot than a winner pick in the balanced slip.', null, null, null, '1.72'),
  ('md-37:neutral:bet-line-4', 'md-37', 'md-37:neutral', 3, 'Man Utd v Nottingham Forest: Man Utd to Win', 'Sun 17 May, 15:00 BST', 'United''s home edge gives the straight result enough support to complete the balanced build.', null, null, null, '1.64'),
  ('md-37:aggressive:bet-line-1', 'md-37', 'md-37:aggressive', 0, 'Bournemouth v Man City: Man City to Win & Over 2.5 Goals', 'Sun 17 May, 15:00 BST', 'City''s attacking quality makes the win-plus-goals route the sharper aggressive angle.', null, null, null, '1.91'),
  ('md-37:aggressive:bet-line-2', 'md-37', 'md-37:aggressive', 1, 'Arsenal v Burnley: Arsenal -1 Handicap', 'Sun 17 May, 15:00 BST', 'Arsenal''s superiority at home supports the margin line when the build shifts fully toward return.', null, null, null, '1.86'),
  ('md-37:aggressive:bet-line-3', 'md-37', 'md-37:aggressive', 2, 'Chelsea v Tottenham Hotspur: Both Teams To Score & Over 2.5 Goals', 'Sun 17 May, 15:00 BST', 'If the London derby opens up, this builder becomes the highest-ceiling leg on the slip.', null, null, null, '2.03'),
  ('md-37:aggressive:bet-line-4', 'md-37', 'md-37:aggressive', 3, 'Man Utd v Nottingham Forest: Man Utd to Win & Over 2.5 Goals', 'Sun 17 May, 15:00 BST', 'United''s home edge plus a livelier game script gives the aggressive build a stronger final kick.', null, null, null, '2.15'),
  ('md-38:defensive:bet-line-1', 'md-38', 'md-38:defensive', 0, 'Liverpool v Brentford: Over 1.5 Goals', 'Sun 24 May, 15:00 BST', 'Final-day volatility often helps low goals lines land, making this a steadier opener than a straight result call.', null, null, null, '1.24'),
  ('md-38:defensive:bet-line-2', 'md-38', 'md-38:defensive', 1, 'Man City v Aston Villa: Man City Draw No Bet', 'Sun 24 May, 15:00 BST', 'City still carry the stronger profile, but draw cover respects the variance that can come with the last day.', null, null, null, '1.22'),
  ('md-38:defensive:bet-line-3', 'md-38', 'md-38:defensive', 2, 'Tottenham Hotspur v Everton: Over 1.5 Goals', 'Sun 24 May, 15:00 BST', 'Both sides are capable of contributing to a two-goal script, which keeps the close conservative.', null, null, null, '1.30'),
  ('md-38:neutral:bet-line-1', 'md-38', 'md-38:neutral', 0, 'Liverpool v Brentford: Liverpool to Win', 'Sun 24 May, 15:00 BST', 'Liverpool''s home edge remains strong enough for the straight result in the balanced build.', null, null, null, '1.40'),
  ('md-38:neutral:bet-line-2', 'md-38', 'md-38:neutral', 1, 'Man City v Aston Villa: Man City to Win', 'Sun 24 May, 15:00 BST', 'City are still the stronger side at home, making the win the cleaner balanced play.', null, null, null, '1.52'),
  ('md-38:neutral:bet-line-3', 'md-38', 'md-38:neutral', 2, 'Sunderland v Chelsea: Both Teams To Score', 'Sun 24 May, 15:00 BST', 'This fixture has enough room for both attacks to contribute, which suits a BTTS angle more than a result call.', null, null, null, '1.78'),
  ('md-38:neutral:bet-line-4', 'md-38', 'md-38:neutral', 3, 'Tottenham Hotspur v Everton: Tottenham Hotspur to Win', 'Sun 24 May, 15:00 BST', 'Spurs'' home advantage gives the final leg enough support to round out the balanced slip.', null, null, null, '1.73'),
  ('md-38:aggressive:bet-line-1', 'md-38', 'md-38:aggressive', 0, 'Liverpool v Brentford: Liverpool to Win & Over 2.5 Goals', 'Sun 24 May, 15:00 BST', 'Liverpool''s attacking ceiling makes the win-plus-goals route the stronger high-return option.', null, null, null, '1.92'),
  ('md-38:aggressive:bet-line-2', 'md-38', 'md-38:aggressive', 1, 'Man City v Aston Villa: Both Teams To Score & Over 2.5 Goals', 'Sun 24 May, 15:00 BST', 'The headline fixture has enough quality to support the higher-event builder rather than a simple winner.', null, null, null, '2.09'),
  ('md-38:aggressive:bet-line-3', 'md-38', 'md-38:aggressive', 2, 'Sunderland v Chelsea: Both Teams To Score & Over 2.5 Goals', 'Sun 24 May, 15:00 BST', 'If this final-day game opens up, the aggressive slip gets a much better ceiling from the builder.', null, null, null, '2.18'),
  ('md-38:aggressive:bet-line-4', 'md-38', 'md-38:aggressive', 3, 'Tottenham Hotspur v Everton: Tottenham Hotspur to Win & Over 2.5 Goals', 'Sun 24 May, 15:00 BST', 'Spurs'' home edge paired with a more open game state makes this the stronger aggressive closer.', null, null, null, '2.16')
on conflict (id) do nothing;

insert into public.matchday_forms (id, game_week_id, proposal_id, bet_line_id)
values
  ('arsenal-bournemouth-arsenal-dnb:form', 'md-32', 'defensive', 'arsenal-bournemouth-arsenal-dnb'),
  ('liverpool-fulham-over-1-5:form', 'md-32', 'defensive', 'liverpool-fulham-over-1-5'),
  ('chelsea-man-city-over-1-5:form', 'md-32', 'defensive', 'chelsea-man-city-over-1-5'),
  ('arsenal-bournemouth-arsenal-win:form', 'md-32', 'neutral', 'arsenal-bournemouth-arsenal-win'),
  ('liverpool-fulham-liverpool-win:form', 'md-32', 'neutral', 'liverpool-fulham-liverpool-win'),
  ('chelsea-man-city-btts:form', 'md-32', 'neutral', 'chelsea-man-city-btts'),
  ('man-utd-leeds-over-2-5:form', 'md-32', 'neutral', 'man-utd-leeds-over-2-5'),
  ('arsenal-bournemouth-arsenal-minus-1:form', 'md-32', 'aggressive', 'arsenal-bournemouth-arsenal-minus-1'),
  ('liverpool-fulham-liverpool-win-over-2-5:form', 'md-32', 'aggressive', 'liverpool-fulham-liverpool-win-over-2-5'),
  ('chelsea-man-city-btts-over-2-5:form', 'md-32', 'aggressive', 'chelsea-man-city-btts-over-2-5'),
  ('man-utd-leeds-man-utd-win-over-2-5:form', 'md-32', 'aggressive', 'man-utd-leeds-man-utd-win-over-2-5')
on conflict (id) do nothing;

insert into public.matchday_form_matches (id, form_id, team_side, sort_order, opponent, venue, final_score, goals_scored, outcome)
values
  ('arsenal-bournemouth-arsenal-win:form:home:1', 'arsenal-bournemouth-arsenal-win:form', 'home', 1, 'Chelsea', 'H', 'Arsenal 2-1 Chelsea', 2, 'W'),
  ('arsenal-bournemouth-arsenal-win:form:home:2', 'arsenal-bournemouth-arsenal-win:form', 'home', 2, 'Brighton', 'A', 'Brighton 1-3 Arsenal', 3, 'W'),
  ('arsenal-bournemouth-arsenal-win:form:home:3', 'arsenal-bournemouth-arsenal-win:form', 'home', 3, 'Everton', 'H', 'Arsenal 1-0 Everton', 1, 'W'),
  ('arsenal-bournemouth-arsenal-win:form:home:4', 'arsenal-bournemouth-arsenal-win:form', 'home', 4, 'Liverpool', 'A', 'Liverpool 2-0 Arsenal', 0, 'L'),
  ('arsenal-bournemouth-arsenal-win:form:home:5', 'arsenal-bournemouth-arsenal-win:form', 'home', 5, 'West Ham', 'H', 'Arsenal 2-0 West Ham', 2, 'W'),
  ('arsenal-bournemouth-arsenal-win:form:away:1', 'arsenal-bournemouth-arsenal-win:form', 'away', 1, 'Wolves', 'H', 'Bournemouth 1-1 Wolves', 1, 'D'),
  ('arsenal-bournemouth-arsenal-win:form:away:2', 'arsenal-bournemouth-arsenal-win:form', 'away', 2, 'Southampton', 'A', 'Southampton 0-2 Bournemouth', 2, 'W'),
  ('arsenal-bournemouth-arsenal-win:form:away:3', 'arsenal-bournemouth-arsenal-win:form', 'away', 3, 'Brentford', 'H', 'Bournemouth 0-0 Brentford', 0, 'D'),
  ('arsenal-bournemouth-arsenal-win:form:away:4', 'arsenal-bournemouth-arsenal-win:form', 'away', 4, 'Aston Villa', 'A', 'Aston Villa 1-0 Bournemouth', 0, 'L'),
  ('arsenal-bournemouth-arsenal-win:form:away:5', 'arsenal-bournemouth-arsenal-win:form', 'away', 5, 'Fulham', 'H', 'Bournemouth 1-1 Fulham', 1, 'D'),
  ('liverpool-fulham-liverpool-win:form:home:1', 'liverpool-fulham-liverpool-win:form', 'home', 1, 'West Ham', 'A', 'West Ham 1-3 Liverpool', 3, 'W'),
  ('liverpool-fulham-liverpool-win:form:home:2', 'liverpool-fulham-liverpool-win:form', 'home', 2, 'Wolves', 'H', 'Liverpool 2-0 Wolves', 2, 'W'),
  ('liverpool-fulham-liverpool-win:form:home:3', 'liverpool-fulham-liverpool-win:form', 'home', 3, 'Man City', 'A', 'Man City 2-1 Liverpool', 1, 'L'),
  ('liverpool-fulham-liverpool-win:form:home:4', 'liverpool-fulham-liverpool-win:form', 'home', 4, 'Leicester', 'H', 'Liverpool 2-1 Leicester', 2, 'W'),
  ('liverpool-fulham-liverpool-win:form:home:5', 'liverpool-fulham-liverpool-win:form', 'home', 5, 'Tottenham', 'A', 'Tottenham 1-1 Liverpool', 1, 'D'),
  ('liverpool-fulham-liverpool-win:form:away:1', 'liverpool-fulham-liverpool-win:form', 'away', 1, 'Aston Villa', 'A', 'Aston Villa 2-0 Fulham', 0, 'L'),
  ('liverpool-fulham-liverpool-win:form:away:2', 'liverpool-fulham-liverpool-win:form', 'away', 2, 'Burnley', 'H', 'Fulham 2-1 Burnley', 2, 'W'),
  ('liverpool-fulham-liverpool-win:form:away:3', 'liverpool-fulham-liverpool-win:form', 'away', 3, 'Bournemouth', 'A', 'Bournemouth 1-1 Fulham', 1, 'D'),
  ('liverpool-fulham-liverpool-win:form:away:4', 'liverpool-fulham-liverpool-win:form', 'away', 4, 'Chelsea', 'H', 'Fulham 0-1 Chelsea', 0, 'L'),
  ('liverpool-fulham-liverpool-win:form:away:5', 'liverpool-fulham-liverpool-win:form', 'away', 5, 'Crystal Palace', 'A', 'Crystal Palace 1-1 Fulham', 1, 'D'),
  ('chelsea-man-city-btts:form:home:1', 'chelsea-man-city-btts:form', 'home', 1, 'Newcastle', 'H', 'Chelsea 2-1 Newcastle', 2, 'W'),
  ('chelsea-man-city-btts:form:home:2', 'chelsea-man-city-btts:form', 'home', 2, 'Brighton', 'A', 'Brighton 1-1 Chelsea', 1, 'D'),
  ('chelsea-man-city-btts:form:home:3', 'chelsea-man-city-btts:form', 'home', 3, 'West Ham', 'H', 'Chelsea 3-2 West Ham', 3, 'W'),
  ('chelsea-man-city-btts:form:home:4', 'chelsea-man-city-btts:form', 'home', 4, 'Arsenal', 'A', 'Arsenal 1-0 Chelsea', 0, 'L'),
  ('chelsea-man-city-btts:form:home:5', 'chelsea-man-city-btts:form', 'home', 5, 'Tottenham', 'H', 'Chelsea 2-2 Tottenham', 2, 'D'),
  ('chelsea-man-city-btts:form:away:1', 'chelsea-man-city-btts:form', 'away', 1, 'Nottingham Forest', 'H', 'Man City 2-2 Nottingham Forest', 2, 'D'),
  ('chelsea-man-city-btts:form:away:2', 'chelsea-man-city-btts:form', 'away', 2, 'Brighton', 'A', 'Brighton 1-3 Man City', 3, 'W'),
  ('chelsea-man-city-btts:form:away:3', 'chelsea-man-city-btts:form', 'away', 3, 'Liverpool', 'H', 'Man City 1-2 Liverpool', 1, 'L'),
  ('chelsea-man-city-btts:form:away:4', 'chelsea-man-city-btts:form', 'away', 4, 'Wolves', 'A', 'Wolves 1-2 Man City', 2, 'W'),
  ('chelsea-man-city-btts:form:away:5', 'chelsea-man-city-btts:form', 'away', 5, 'Arsenal', 'H', 'Man City 2-2 Arsenal', 2, 'D'),
  ('man-utd-leeds-over-2-5:form:home:1', 'man-utd-leeds-over-2-5:form', 'home', 1, 'Everton', 'H', 'Man Utd 2-1 Everton', 2, 'W'),
  ('man-utd-leeds-over-2-5:form:home:2', 'man-utd-leeds-over-2-5:form', 'home', 2, 'Newcastle', 'A', 'Newcastle 1-1 Man Utd', 1, 'D'),
  ('man-utd-leeds-over-2-5:form:home:3', 'man-utd-leeds-over-2-5:form', 'home', 3, 'Chelsea', 'H', 'Man Utd 2-0 Chelsea', 2, 'W'),
  ('man-utd-leeds-over-2-5:form:home:4', 'man-utd-leeds-over-2-5:form', 'home', 4, 'Liverpool', 'A', 'Liverpool 2-1 Man Utd', 1, 'L'),
  ('man-utd-leeds-over-2-5:form:home:5', 'man-utd-leeds-over-2-5:form', 'home', 5, 'Aston Villa', 'H', 'Man Utd 3-1 Aston Villa', 3, 'W'),
  ('man-utd-leeds-over-2-5:form:away:1', 'man-utd-leeds-over-2-5:form', 'away', 1, 'Chelsea', 'A', 'Chelsea 2-0 Leeds United', 0, 'L'),
  ('man-utd-leeds-over-2-5:form:away:2', 'man-utd-leeds-over-2-5:form', 'away', 2, 'Leicester', 'H', 'Leeds United 1-1 Leicester', 1, 'D'),
  ('man-utd-leeds-over-2-5:form:away:3', 'man-utd-leeds-over-2-5:form', 'away', 3, 'Aston Villa', 'A', 'Aston Villa 1-2 Leeds United', 2, 'W'),
  ('man-utd-leeds-over-2-5:form:away:4', 'man-utd-leeds-over-2-5:form', 'away', 4, 'Burnley', 'H', 'Leeds United 1-2 Burnley', 1, 'L'),
  ('man-utd-leeds-over-2-5:form:away:5', 'man-utd-leeds-over-2-5:form', 'away', 5, 'Tottenham', 'A', 'Tottenham 1-0 Leeds United', 0, 'L'),
  ('arsenal-bournemouth-arsenal-minus-1:form:home:1', 'arsenal-bournemouth-arsenal-minus-1:form', 'home', 1, 'Chelsea', 'H', 'Arsenal 2-1 Chelsea', 2, 'W'),
  ('arsenal-bournemouth-arsenal-minus-1:form:home:2', 'arsenal-bournemouth-arsenal-minus-1:form', 'home', 2, 'Brighton', 'A', 'Brighton 1-3 Arsenal', 3, 'W'),
  ('arsenal-bournemouth-arsenal-minus-1:form:home:3', 'arsenal-bournemouth-arsenal-minus-1:form', 'home', 3, 'Everton', 'H', 'Arsenal 1-0 Everton', 1, 'W'),
  ('arsenal-bournemouth-arsenal-minus-1:form:home:4', 'arsenal-bournemouth-arsenal-minus-1:form', 'home', 4, 'Liverpool', 'A', 'Liverpool 2-0 Arsenal', 0, 'L'),
  ('arsenal-bournemouth-arsenal-minus-1:form:home:5', 'arsenal-bournemouth-arsenal-minus-1:form', 'home', 5, 'West Ham', 'H', 'Arsenal 2-0 West Ham', 2, 'W'),
  ('arsenal-bournemouth-arsenal-minus-1:form:away:1', 'arsenal-bournemouth-arsenal-minus-1:form', 'away', 1, 'Wolves', 'H', 'Bournemouth 1-1 Wolves', 1, 'D'),
  ('arsenal-bournemouth-arsenal-minus-1:form:away:2', 'arsenal-bournemouth-arsenal-minus-1:form', 'away', 2, 'Southampton', 'A', 'Southampton 0-2 Bournemouth', 2, 'W'),
  ('arsenal-bournemouth-arsenal-minus-1:form:away:3', 'arsenal-bournemouth-arsenal-minus-1:form', 'away', 3, 'Brentford', 'H', 'Bournemouth 0-0 Brentford', 0, 'D'),
  ('arsenal-bournemouth-arsenal-minus-1:form:away:4', 'arsenal-bournemouth-arsenal-minus-1:form', 'away', 4, 'Aston Villa', 'A', 'Aston Villa 1-0 Bournemouth', 0, 'L'),
  ('arsenal-bournemouth-arsenal-minus-1:form:away:5', 'arsenal-bournemouth-arsenal-minus-1:form', 'away', 5, 'Fulham', 'H', 'Bournemouth 1-1 Fulham', 1, 'D'),
  ('liverpool-fulham-liverpool-win-over-2-5:form:home:1', 'liverpool-fulham-liverpool-win-over-2-5:form', 'home', 1, 'West Ham', 'A', 'West Ham 1-4 Liverpool', 4, 'W'),
  ('liverpool-fulham-liverpool-win-over-2-5:form:home:2', 'liverpool-fulham-liverpool-win-over-2-5:form', 'home', 2, 'Wolves', 'H', 'Liverpool 2-0 Wolves', 2, 'W'),
  ('liverpool-fulham-liverpool-win-over-2-5:form:home:3', 'liverpool-fulham-liverpool-win-over-2-5:form', 'home', 3, 'Man City', 'A', 'Man City 2-1 Liverpool', 1, 'L'),
  ('liverpool-fulham-liverpool-win-over-2-5:form:home:4', 'liverpool-fulham-liverpool-win-over-2-5:form', 'home', 4, 'Leicester', 'H', 'Liverpool 3-1 Leicester', 3, 'W'),
  ('liverpool-fulham-liverpool-win-over-2-5:form:home:5', 'liverpool-fulham-liverpool-win-over-2-5:form', 'home', 5, 'Tottenham', 'A', 'Tottenham 1-1 Liverpool', 1, 'D'),
  ('liverpool-fulham-liverpool-win-over-2-5:form:away:1', 'liverpool-fulham-liverpool-win-over-2-5:form', 'away', 1, 'Aston Villa', 'A', 'Aston Villa 2-1 Fulham', 1, 'L'),
  ('liverpool-fulham-liverpool-win-over-2-5:form:away:2', 'liverpool-fulham-liverpool-win-over-2-5:form', 'away', 2, 'Burnley', 'H', 'Fulham 2-1 Burnley', 2, 'W'),
  ('liverpool-fulham-liverpool-win-over-2-5:form:away:3', 'liverpool-fulham-liverpool-win-over-2-5:form', 'away', 3, 'Bournemouth', 'A', 'Bournemouth 1-1 Fulham', 1, 'D'),
  ('liverpool-fulham-liverpool-win-over-2-5:form:away:4', 'liverpool-fulham-liverpool-win-over-2-5:form', 'away', 4, 'Chelsea', 'H', 'Fulham 0-1 Chelsea', 0, 'L'),
  ('liverpool-fulham-liverpool-win-over-2-5:form:away:5', 'liverpool-fulham-liverpool-win-over-2-5:form', 'away', 5, 'Crystal Palace', 'A', 'Crystal Palace 1-1 Fulham', 1, 'D'),
  ('chelsea-man-city-btts-over-2-5:form:home:1', 'chelsea-man-city-btts-over-2-5:form', 'home', 1, 'Newcastle', 'H', 'Chelsea 2-1 Newcastle', 2, 'W'),
  ('chelsea-man-city-btts-over-2-5:form:home:2', 'chelsea-man-city-btts-over-2-5:form', 'home', 2, 'Brighton', 'A', 'Brighton 1-1 Chelsea', 1, 'D'),
  ('chelsea-man-city-btts-over-2-5:form:home:3', 'chelsea-man-city-btts-over-2-5:form', 'home', 3, 'West Ham', 'H', 'Chelsea 3-2 West Ham', 3, 'W'),
  ('chelsea-man-city-btts-over-2-5:form:home:4', 'chelsea-man-city-btts-over-2-5:form', 'home', 4, 'Arsenal', 'A', 'Arsenal 1-0 Chelsea', 0, 'L'),
  ('chelsea-man-city-btts-over-2-5:form:home:5', 'chelsea-man-city-btts-over-2-5:form', 'home', 5, 'Tottenham', 'H', 'Chelsea 2-2 Tottenham', 2, 'D'),
  ('chelsea-man-city-btts-over-2-5:form:away:1', 'chelsea-man-city-btts-over-2-5:form', 'away', 1, 'Nottingham Forest', 'H', 'Man City 2-2 Nottingham Forest', 2, 'D'),
  ('chelsea-man-city-btts-over-2-5:form:away:2', 'chelsea-man-city-btts-over-2-5:form', 'away', 2, 'Brighton', 'A', 'Brighton 1-3 Man City', 3, 'W'),
  ('chelsea-man-city-btts-over-2-5:form:away:3', 'chelsea-man-city-btts-over-2-5:form', 'away', 3, 'Liverpool', 'H', 'Man City 1-2 Liverpool', 1, 'L'),
  ('chelsea-man-city-btts-over-2-5:form:away:4', 'chelsea-man-city-btts-over-2-5:form', 'away', 4, 'Wolves', 'A', 'Wolves 1-2 Man City', 2, 'W'),
  ('chelsea-man-city-btts-over-2-5:form:away:5', 'chelsea-man-city-btts-over-2-5:form', 'away', 5, 'Arsenal', 'H', 'Man City 2-2 Arsenal', 2, 'D'),
  ('man-utd-leeds-man-utd-win-over-2-5:form:home:1', 'man-utd-leeds-man-utd-win-over-2-5:form', 'home', 1, 'Everton', 'H', 'Man Utd 2-1 Everton', 2, 'W'),
  ('man-utd-leeds-man-utd-win-over-2-5:form:home:2', 'man-utd-leeds-man-utd-win-over-2-5:form', 'home', 2, 'Newcastle', 'A', 'Newcastle 1-1 Man Utd', 1, 'D'),
  ('man-utd-leeds-man-utd-win-over-2-5:form:home:3', 'man-utd-leeds-man-utd-win-over-2-5:form', 'home', 3, 'Chelsea', 'H', 'Man Utd 2-0 Chelsea', 2, 'W'),
  ('man-utd-leeds-man-utd-win-over-2-5:form:home:4', 'man-utd-leeds-man-utd-win-over-2-5:form', 'home', 4, 'Liverpool', 'A', 'Liverpool 2-1 Man Utd', 1, 'L'),
  ('man-utd-leeds-man-utd-win-over-2-5:form:home:5', 'man-utd-leeds-man-utd-win-over-2-5:form', 'home', 5, 'Aston Villa', 'H', 'Man Utd 3-1 Aston Villa', 3, 'W'),
  ('man-utd-leeds-man-utd-win-over-2-5:form:away:1', 'man-utd-leeds-man-utd-win-over-2-5:form', 'away', 1, 'Chelsea', 'A', 'Chelsea 2-0 Leeds United', 0, 'L'),
  ('man-utd-leeds-man-utd-win-over-2-5:form:away:2', 'man-utd-leeds-man-utd-win-over-2-5:form', 'away', 2, 'Leicester', 'H', 'Leeds United 1-1 Leicester', 1, 'D'),
  ('man-utd-leeds-man-utd-win-over-2-5:form:away:3', 'man-utd-leeds-man-utd-win-over-2-5:form', 'away', 3, 'Aston Villa', 'A', 'Aston Villa 1-2 Leeds United', 2, 'W'),
  ('man-utd-leeds-man-utd-win-over-2-5:form:away:4', 'man-utd-leeds-man-utd-win-over-2-5:form', 'away', 4, 'Burnley', 'H', 'Leeds United 1-2 Burnley', 1, 'L'),
  ('man-utd-leeds-man-utd-win-over-2-5:form:away:5', 'man-utd-leeds-man-utd-win-over-2-5:form', 'away', 5, 'Tottenham', 'A', 'Tottenham 1-0 Leeds United', 0, 'L')
on conflict (id) do nothing;

insert into public.league_data_meta (id, simulated_at_iso, updated_at_iso)
values
  ('primary', '2026-04-01T23:20:42.822Z', '2026-04-01T23:20:42.822Z')
on conflict (id) do nothing;

insert into public.league_data_matchday_simulations (id, game_week_id, vote_resolved_at_iso, bet_placed_at_iso, selected_proposal_id, slip_id)
values
  ('md-32:simulation', 'md-32', '2026-04-08T23:00:00.000Z', '2026-04-09T17:30:00.000Z', 'defensive', 'md-32:defensive:slip')
on conflict (id) do nothing;

insert into public.league_data_votes (id, simulation_id, game_week_id, user_id, proposal_id)
values
  ('md-32:vote:brian-scott', 'md-32:simulation', 'md-32', 'brian-scott', 'defensive'),
  ('md-32:vote:tony-mclean', 'md-32:simulation', 'md-32', 'tony-mclean', 'aggressive'),
  ('md-32:vote:john-colreavey', 'md-32:simulation', 'md-32', 'john-colreavey', 'defensive'),
  ('md-32:vote:paul-melville', 'md-32:simulation', 'md-32', 'paul-melville', 'defensive'),
  ('md-32:vote:alasdair-head', 'md-32:simulation', 'md-32', 'alasdair-head', 'defensive'),
  ('md-32:vote:paul-devine', 'md-32:simulation', 'md-32', 'paul-devine', 'defensive'),
  ('md-32:vote:derek-mcmillan', 'md-32:simulation', 'md-32', 'derek-mcmillan', 'neutral')
on conflict (id) do nothing;

insert into public.league_data_bet_line_odds (id, simulation_id, game_week_id, sort_order, bet_line_label, odds)
values
  ('md-32:odds:1', 'md-32:simulation', 'md-32', 0, 'Arsenal v Bournemouth: Arsenal Draw No Bet', 1.28),
  ('md-32:odds:2', 'md-32:simulation', 'md-32', 1, 'Liverpool v Fulham: Over 1.5 Goals', 1.22),
  ('md-32:odds:3', 'md-32:simulation', 'md-32', 2, 'Chelsea v Man City: Over 1.5 Goals', 1.33),
  ('md-32:odds:4', 'md-32:simulation', 'md-32', 3, 'Arsenal v Bournemouth: Arsenal to Win', 1.50),
  ('md-32:odds:5', 'md-32:simulation', 'md-32', 4, 'Liverpool v Fulham: Liverpool to Win', 1.42),
  ('md-32:odds:6', 'md-32:simulation', 'md-32', 5, 'Chelsea v Man City: Both Teams To Score', 1.57),
  ('md-32:odds:7', 'md-32:simulation', 'md-32', 6, 'Man Utd v Leeds United: Over 2.5 Goals', 1.72),
  ('md-32:odds:8', 'md-32:simulation', 'md-32', 7, 'Arsenal v Bournemouth: Arsenal -1 Handicap', 1.95),
  ('md-32:odds:9', 'md-32:simulation', 'md-32', 8, 'Liverpool v Fulham: Liverpool to Win & Over 2.5 Goals', 1.83),
  ('md-32:odds:10', 'md-32:simulation', 'md-32', 9, 'Chelsea v Man City: Both Teams To Score & Over 2.5 Goals', 1.91),
  ('md-32:odds:11', 'md-32:simulation', 'md-32', 10, 'Man Utd v Leeds United: Man Utd to Win & Over 2.5 Goals', 1.89)
on conflict (id) do nothing;

insert into public.league_data_slips (id, simulation_id, game_week_id, proposal_id, timeline_label, stake, stake_placed_at, settled_at, settlement_kind, return_amount, status)
values
  ('md-32:defensive:slip', 'md-32:simulation', 'md-32', 'defensive', 'Defensive Strategy', 5, '2026-04-09T17:30:00.000Z', '2026-04-11T15:45:00.000Z', 'cashout', 5.14, 'win')
on conflict (id) do nothing;

insert into public.league_data_leg_results (id, simulation_id, slip_id, game_week_id, sort_order, bet_line_label, kickoff_at, settled_at, final_score, status, actual_status)
values
  ('md-32:defensive:slip:leg:1', 'md-32:simulation', 'md-32:defensive:slip', 'md-32', 0, 'Arsenal v Bournemouth: Arsenal Draw No Bet', '2026-04-11T11:30:00.000Z', '2026-04-11T13:30:00.000Z', 'Arsenal 4-0 Bournemouth', 'won', 'won'),
  ('md-32:defensive:slip:leg:2', 'md-32:simulation', 'md-32:defensive:slip', 'md-32', 1, 'Liverpool v Fulham: Over 1.5 Goals', '2026-04-11T16:30:00.000Z', '2026-04-11T18:21:00.000Z', 'Liverpool 1-0 Fulham', 'cashed_out', 'lost'),
  ('md-32:defensive:slip:leg:3', 'md-32:simulation', 'md-32:defensive:slip', 'md-32', 2, 'Chelsea v Man City: Over 1.5 Goals', '2026-04-12T15:30:00.000Z', '2026-04-12T17:18:00.000Z', 'Chelsea 2-0 Man City', 'cashed_out', 'won')
on conflict (id) do nothing;

insert into public.ledger_data (id, title, date_iso, amount, kind)
values
  ('deposit-brian-scott', 'Brian Scott', '2026-03-23T09:00:00.000Z', 10, 'deposit'),
  ('deposit-tony-mclean', 'Tony McLean', '2026-03-23T09:00:00.000Z', 10, 'deposit'),
  ('deposit-john-colreavey', 'John Colreavey', '2026-03-23T09:00:00.000Z', 10, 'deposit'),
  ('deposit-paul-melville', 'Paul Melville', '2026-03-23T09:00:00.000Z', 10, 'deposit'),
  ('deposit-alasdair-head', 'Alasdair Head', '2026-03-23T09:00:00.000Z', 10, 'deposit'),
  ('deposit-paul-devine', 'Paul Devine', '2026-03-23T09:00:00.000Z', 10, 'deposit'),
  ('deposit-derek-mcmillan', 'Derek McMillan', '2026-03-23T09:00:00.000Z', 10, 'deposit')
on conflict (id) do nothing;

insert into public.matchday_seed (id, slug, name, description, window_start_iso, window_end_iso, starts_in, proposals, votes_by_user_id, simulated_slip)
values
  ('md-32', 'matchday-32', 'Matchday 32 Voting Stage', 'Premier League Matchday 32 analysis is complete.', '2026-04-10T11:30:00.000Z', '2026-04-13T21:00:00.000Z', 'Fri 10 Apr - Mon 13 Apr', '[{"id":"defensive","riskLevel":"safe","title":"Defensive","summary":"Arsenal''s stronger recent league run, Bournemouth''s draw-heavy spell, and safer goal lines in Liverpool-Fulham and Chelsea-City keep this build focused on preserving the pot.","legs":3,"betLines":[{"label":"Arsenal v Bournemouth: Arsenal Draw No Bet","scheduleNote":"Sat 11 Apr, 12:30 BST","aiReasoning":"Arsenal won four of their last five league matches, while Bournemouth came in off one win and three draws in five, so draw protection fits the safer opener.","form":{"home":{"matches":[{"opponent":"Chelsea","venue":"H","finalScore":"Arsenal 2-1 Chelsea","goalsScored":2,"outcome":"W"},{"opponent":"Brighton","venue":"A","finalScore":"Brighton 1-3 Arsenal","goalsScored":3,"outcome":"W"},{"opponent":"Everton","venue":"H","finalScore":"Arsenal 1-0 Everton","goalsScored":1,"outcome":"W"},{"opponent":"Liverpool","venue":"A","finalScore":"Liverpool 2-0 Arsenal","goalsScored":0,"outcome":"L"},{"opponent":"West Ham","venue":"H","finalScore":"Arsenal 2-0 West Ham","goalsScored":2,"outcome":"W"}]},"away":{"matches":[{"opponent":"Wolves","venue":"H","finalScore":"Bournemouth 1-1 Wolves","goalsScored":1,"outcome":"D"},{"opponent":"Southampton","venue":"A","finalScore":"Southampton 0-2 Bournemouth","goalsScored":2,"outcome":"W"},{"opponent":"Brentford","venue":"H","finalScore":"Bournemouth 0-0 Brentford","goalsScored":0,"outcome":"D"},{"opponent":"Aston Villa","venue":"A","finalScore":"Aston Villa 1-0 Bournemouth","goalsScored":0,"outcome":"L"},{"opponent":"Fulham","venue":"H","finalScore":"Bournemouth 1-1 Fulham","goalsScored":1,"outcome":"D"}]}},"formNote":"Arsenal last 5 league matches: 4W 0D 1L. Bournemouth last 5 league matches: 1W 3D 1L.","marketId":"arsenal-bournemouth-arsenal-dnb"},{"label":"Liverpool v Fulham: Over 1.5 Goals","scheduleNote":"Sat 11 Apr, 17:30 BST","aiReasoning":"Liverpool scored nine across recent wins over West Ham and Wolves, and Fulham''s last four league and cup games still gave a two-goal floor enough to support a safer totals angle.","form":{"home":{"matches":[{"opponent":"West Ham","venue":"A","finalScore":"West Ham 1-4 Liverpool","goalsScored":4,"outcome":"W"},{"opponent":"Wolves","venue":"H","finalScore":"Liverpool 2-0 Wolves","goalsScored":2,"outcome":"W"},{"opponent":"Man City","venue":"A","finalScore":"Man City 2-1 Liverpool","goalsScored":1,"outcome":"L"},{"opponent":"Leicester","venue":"H","finalScore":"Liverpool 3-1 Leicester","goalsScored":3,"outcome":"W"},{"opponent":"Tottenham","venue":"A","finalScore":"Tottenham 1-1 Liverpool","goalsScored":1,"outcome":"D"}]},"away":{"matches":[{"opponent":"Aston Villa","venue":"A","finalScore":"Aston Villa 2-1 Fulham","goalsScored":1,"outcome":"L"},{"opponent":"Burnley","venue":"H","finalScore":"Fulham 2-1 Burnley","goalsScored":2,"outcome":"W"},{"opponent":"Bournemouth","venue":"A","finalScore":"Bournemouth 1-1 Fulham","goalsScored":1,"outcome":"D"},{"opponent":"Chelsea","venue":"H","finalScore":"Fulham 0-1 Chelsea","goalsScored":0,"outcome":"L"},{"opponent":"Crystal Palace","venue":"A","finalScore":"Crystal Palace 1-1 Fulham","goalsScored":1,"outcome":"D"}]}},"formNote":"Liverpool recent scoring form: 9 goals across their latest two wins. Fulham recent match trend: their last 4 league and cup games all still supported a 2+ goal script.","marketId":"liverpool-fulham-over-1-5"},{"label":"Chelsea v Man City: Over 1.5 Goals","scheduleNote":"Sun 12 Apr, 16:30 BST","aiReasoning":"Chelsea''s last five across league and Europe produced 20 total goals and City''s recent run mixed 10 scored with 8 conceded, so a low goals line is the safer way into the fixture.","form":{"home":{"matches":[{"opponent":"Newcastle","venue":"H","finalScore":"Chelsea 2-1 Newcastle","goalsScored":2,"outcome":"W"},{"opponent":"Brighton","venue":"A","finalScore":"Brighton 1-1 Chelsea","goalsScored":1,"outcome":"D"},{"opponent":"West Ham","venue":"H","finalScore":"Chelsea 3-2 West Ham","goalsScored":3,"outcome":"W"},{"opponent":"Arsenal","venue":"A","finalScore":"Arsenal 1-0 Chelsea","goalsScored":0,"outcome":"L"},{"opponent":"Tottenham","venue":"H","finalScore":"Chelsea 2-2 Tottenham","goalsScored":2,"outcome":"D"}]},"away":{"matches":[{"opponent":"Nottingham Forest","venue":"H","finalScore":"Man City 2-2 Nottingham Forest","goalsScored":2,"outcome":"D"},{"opponent":"Brighton","venue":"A","finalScore":"Brighton 1-3 Man City","goalsScored":3,"outcome":"W"},{"opponent":"Liverpool","venue":"H","finalScore":"Man City 1-2 Liverpool","goalsScored":1,"outcome":"L"},{"opponent":"Wolves","venue":"A","finalScore":"Wolves 1-2 Man City","goalsScored":2,"outcome":"W"},{"opponent":"Arsenal","venue":"H","finalScore":"Man City 2-2 Arsenal","goalsScored":2,"outcome":"D"}]}},"formNote":"Chelsea recent 5 across league and Europe: 20 total match goals. Man City recent run: 10 scored and 8 conceded.","marketId":"chelsea-man-city-over-1-5"}],"statusLabel":"Safe"},{"id":"neutral","riskLevel":"balanced","title":"Neutral","summary":"This group leans on Arsenal and Liverpool carrying the stronger recent form, then uses goals-based angles where Chelsea-City and United-Leeds still project enough attacking activity for steady progress.","legs":4,"betLines":[{"label":"Arsenal v Bournemouth: Arsenal to Win","scheduleNote":"Sat 11 Apr, 12:30 BST","aiReasoning":"Arsenal''s recent league wins over Chelsea, Brighton and Everton give the home win enough form support to add upside without jumping straight to a margin play.","form":{"home":{"matches":[{"opponent":"Chelsea","venue":"H","finalScore":"Arsenal 2-1 Chelsea","goalsScored":2,"outcome":"W"},{"opponent":"Brighton","venue":"A","finalScore":"Brighton 1-3 Arsenal","goalsScored":3,"outcome":"W"},{"opponent":"Everton","venue":"H","finalScore":"Arsenal 1-0 Everton","goalsScored":1,"outcome":"W"},{"opponent":"Liverpool","venue":"A","finalScore":"Liverpool 2-0 Arsenal","goalsScored":0,"outcome":"L"},{"opponent":"West Ham","venue":"H","finalScore":"Arsenal 2-0 West Ham","goalsScored":2,"outcome":"W"}]},"away":{"matches":[{"opponent":"Wolves","venue":"H","finalScore":"Bournemouth 1-1 Wolves","goalsScored":1,"outcome":"D"},{"opponent":"Southampton","venue":"A","finalScore":"Southampton 0-2 Bournemouth","goalsScored":2,"outcome":"W"},{"opponent":"Brentford","venue":"H","finalScore":"Bournemouth 0-0 Brentford","goalsScored":0,"outcome":"D"},{"opponent":"Aston Villa","venue":"A","finalScore":"Aston Villa 1-0 Bournemouth","goalsScored":0,"outcome":"L"},{"opponent":"Fulham","venue":"H","finalScore":"Bournemouth 1-1 Fulham","goalsScored":1,"outcome":"D"}]}},"formNote":"Arsenal last 5 league matches: 4W 0D 1L. Bournemouth last 5 league matches: 1W 3D 1L.","marketId":"arsenal-bournemouth-arsenal-win"},{"label":"Liverpool v Fulham: Liverpool to Win","scheduleNote":"Sat 11 Apr, 17:30 BST","aiReasoning":"Liverpool won three of their last four league matches before the break and carried the clearer scoring edge into a meeting with a Fulham side that had one win in four league and cup games.","form":{"home":{"matches":[{"opponent":"West Ham","venue":"A","finalScore":"West Ham 1-3 Liverpool","goalsScored":3,"outcome":"W"},{"opponent":"Wolves","venue":"H","finalScore":"Liverpool 2-0 Wolves","goalsScored":2,"outcome":"W"},{"opponent":"Man City","venue":"A","finalScore":"Man City 2-1 Liverpool","goalsScored":1,"outcome":"L"},{"opponent":"Leicester","venue":"H","finalScore":"Liverpool 2-1 Leicester","goalsScored":2,"outcome":"W"},{"opponent":"Tottenham","venue":"A","finalScore":"Tottenham 1-1 Liverpool","goalsScored":1,"outcome":"D"}]},"away":{"matches":[{"opponent":"Aston Villa","venue":"A","finalScore":"Aston Villa 2-0 Fulham","goalsScored":0,"outcome":"L"},{"opponent":"Burnley","venue":"H","finalScore":"Fulham 2-1 Burnley","goalsScored":2,"outcome":"W"},{"opponent":"Bournemouth","venue":"A","finalScore":"Bournemouth 1-1 Fulham","goalsScored":1,"outcome":"D"},{"opponent":"Chelsea","venue":"H","finalScore":"Fulham 0-1 Chelsea","goalsScored":0,"outcome":"L"},{"opponent":"Crystal Palace","venue":"A","finalScore":"Crystal Palace 1-1 Fulham","goalsScored":1,"outcome":"D"}]}},"formNote":"Liverpool recent form: 3 wins from their last 4 league matches. Fulham recent form: 1 win from their last 4 league and cup games.","marketId":"liverpool-fulham-liverpool-win"},{"label":"Chelsea v Man City: Both Teams To Score","scheduleNote":"Sun 12 Apr, 16:30 BST","aiReasoning":"Chelsea have both scored and conceded heavily in recent league and European matches, while City''s recent 2-2 with Forest keeps a BTTS script live here.","form":{"home":{"matches":[{"opponent":"Newcastle","venue":"H","finalScore":"Chelsea 2-1 Newcastle","goalsScored":2,"outcome":"W"},{"opponent":"Brighton","venue":"A","finalScore":"Brighton 1-1 Chelsea","goalsScored":1,"outcome":"D"},{"opponent":"West Ham","venue":"H","finalScore":"Chelsea 3-2 West Ham","goalsScored":3,"outcome":"W"},{"opponent":"Arsenal","venue":"A","finalScore":"Arsenal 1-0 Chelsea","goalsScored":0,"outcome":"L"},{"opponent":"Tottenham","venue":"H","finalScore":"Chelsea 2-2 Tottenham","goalsScored":2,"outcome":"D"}]},"away":{"matches":[{"opponent":"Nottingham Forest","venue":"H","finalScore":"Man City 2-2 Nottingham Forest","goalsScored":2,"outcome":"D"},{"opponent":"Brighton","venue":"A","finalScore":"Brighton 1-3 Man City","goalsScored":3,"outcome":"W"},{"opponent":"Liverpool","venue":"H","finalScore":"Man City 1-2 Liverpool","goalsScored":1,"outcome":"L"},{"opponent":"Wolves","venue":"A","finalScore":"Wolves 1-2 Man City","goalsScored":2,"outcome":"W"},{"opponent":"Arsenal","venue":"H","finalScore":"Man City 2-2 Arsenal","goalsScored":2,"outcome":"D"}]}},"formNote":"Chelsea recent profile: goals at both ends have been common across their latest league and European matches. Man City recent profile: the 2-2 draw with Forest kept their BTTS trend live.","marketId":"chelsea-man-city-btts"},{"label":"Man Utd v Leeds United: Over 2.5 Goals","scheduleNote":"Mon 13 Apr, 20:00 BST","aiReasoning":"United''s recent league games have rarely stayed quiet and Leeds still created scoring games against Chelsea and Villa, which keeps the goals angle preferable to a tighter result call.","form":{"home":{"matches":[{"opponent":"Everton","venue":"H","finalScore":"Man Utd 2-1 Everton","goalsScored":2,"outcome":"W"},{"opponent":"Newcastle","venue":"A","finalScore":"Newcastle 1-1 Man Utd","goalsScored":1,"outcome":"D"},{"opponent":"Chelsea","venue":"H","finalScore":"Man Utd 2-0 Chelsea","goalsScored":2,"outcome":"W"},{"opponent":"Liverpool","venue":"A","finalScore":"Liverpool 2-1 Man Utd","goalsScored":1,"outcome":"L"},{"opponent":"Aston Villa","venue":"H","finalScore":"Man Utd 3-1 Aston Villa","goalsScored":3,"outcome":"W"}]},"away":{"matches":[{"opponent":"Chelsea","venue":"A","finalScore":"Chelsea 2-0 Leeds United","goalsScored":0,"outcome":"L"},{"opponent":"Leicester","venue":"H","finalScore":"Leeds United 1-1 Leicester","goalsScored":1,"outcome":"D"},{"opponent":"Aston Villa","venue":"A","finalScore":"Aston Villa 1-2 Leeds United","goalsScored":2,"outcome":"W"},{"opponent":"Burnley","venue":"H","finalScore":"Leeds United 1-2 Burnley","goalsScored":1,"outcome":"L"},{"opponent":"Tottenham","venue":"A","finalScore":"Tottenham 1-0 Leeds United","goalsScored":0,"outcome":"L"}]}},"formNote":"Man Utd recent trend: their latest league games have stayed open. Leeds recent trend: matches against Chelsea and Villa still produced enough attacking action for a 3+ goal angle.","marketId":"man-utd-leeds-over-2-5"}],"statusLabel":"Balanced","aiRecommended":true},{"id":"aggressive","riskLevel":"aggressive","title":"Aggressive","summary":"This is the return-led build, pushing Arsenal and Liverpool into stronger win conditions and leaning into the higher-event patterns around Chelsea-City and United-Leeds for bigger upside.","legs":4,"betLines":[{"label":"Arsenal v Bournemouth: Arsenal -1 Handicap","scheduleNote":"Sat 11 Apr, 12:30 BST","aiReasoning":"Arsenal''s stronger run of league wins and Bournemouth''s recent low-scoring, draw-heavy stretch make the home margin angle viable once the build shifts from protection to profit.","form":{"home":{"matches":[{"opponent":"Chelsea","venue":"H","finalScore":"Arsenal 2-1 Chelsea","goalsScored":2,"outcome":"W"},{"opponent":"Brighton","venue":"A","finalScore":"Brighton 1-3 Arsenal","goalsScored":3,"outcome":"W"},{"opponent":"Everton","venue":"H","finalScore":"Arsenal 1-0 Everton","goalsScored":1,"outcome":"W"},{"opponent":"Liverpool","venue":"A","finalScore":"Liverpool 2-0 Arsenal","goalsScored":0,"outcome":"L"},{"opponent":"West Ham","venue":"H","finalScore":"Arsenal 2-0 West Ham","goalsScored":2,"outcome":"W"}]},"away":{"matches":[{"opponent":"Wolves","venue":"H","finalScore":"Bournemouth 1-1 Wolves","goalsScored":1,"outcome":"D"},{"opponent":"Southampton","venue":"A","finalScore":"Southampton 0-2 Bournemouth","goalsScored":2,"outcome":"W"},{"opponent":"Brentford","venue":"H","finalScore":"Bournemouth 0-0 Brentford","goalsScored":0,"outcome":"D"},{"opponent":"Aston Villa","venue":"A","finalScore":"Aston Villa 1-0 Bournemouth","goalsScored":0,"outcome":"L"},{"opponent":"Fulham","venue":"H","finalScore":"Bournemouth 1-1 Fulham","goalsScored":1,"outcome":"D"}]}},"formNote":"Arsenal last 5 league matches: 4W 0D 1L, strong enough to support a margin play. Bournemouth last 5 league matches: 1W 3D 1L.","marketId":"arsenal-bournemouth-arsenal-minus-1"},{"label":"Liverpool v Fulham: Liverpool to Win & Over 2.5 Goals","scheduleNote":"Sat 11 Apr, 17:30 BST","aiReasoning":"Liverpool''s recent scoring spikes, including five against West Ham and three in the cup at Wolves, support combining the home win with a higher goals line for more return.","form":{"home":{"matches":[{"opponent":"West Ham","venue":"A","finalScore":"West Ham 1-4 Liverpool","goalsScored":4,"outcome":"W"},{"opponent":"Wolves","venue":"H","finalScore":"Liverpool 2-0 Wolves","goalsScored":2,"outcome":"W"},{"opponent":"Man City","venue":"A","finalScore":"Man City 2-1 Liverpool","goalsScored":1,"outcome":"L"},{"opponent":"Leicester","venue":"H","finalScore":"Liverpool 3-1 Leicester","goalsScored":3,"outcome":"W"},{"opponent":"Tottenham","venue":"A","finalScore":"Tottenham 1-1 Liverpool","goalsScored":1,"outcome":"D"}]},"away":{"matches":[{"opponent":"Aston Villa","venue":"A","finalScore":"Aston Villa 2-1 Fulham","goalsScored":1,"outcome":"L"},{"opponent":"Burnley","venue":"H","finalScore":"Fulham 2-1 Burnley","goalsScored":2,"outcome":"W"},{"opponent":"Bournemouth","venue":"A","finalScore":"Bournemouth 1-1 Fulham","goalsScored":1,"outcome":"D"},{"opponent":"Chelsea","venue":"H","finalScore":"Fulham 0-1 Chelsea","goalsScored":0,"outcome":"L"},{"opponent":"Crystal Palace","venue":"A","finalScore":"Crystal Palace 1-1 Fulham","goalsScored":1,"outcome":"D"}]}},"formNote":"Liverpool recent form: 3 wins from their last 4 league matches, with scoring spikes in recent victories. Fulham recent games still carry enough goal volume to support a win-plus-goals builder.","marketId":"liverpool-fulham-liverpool-win-over-2-5"},{"label":"Chelsea v Man City: Both Teams To Score & Over 2.5 Goals","scheduleNote":"Sun 12 Apr, 16:30 BST","aiReasoning":"Chelsea''s last five across league and Europe were full of goals at both ends, and City''s recent results still point to enough chance volume to justify the higher-event builder.","form":{"home":{"matches":[{"opponent":"Newcastle","venue":"H","finalScore":"Chelsea 2-1 Newcastle","goalsScored":2,"outcome":"W"},{"opponent":"Brighton","venue":"A","finalScore":"Brighton 1-1 Chelsea","goalsScored":1,"outcome":"D"},{"opponent":"West Ham","venue":"H","finalScore":"Chelsea 3-2 West Ham","goalsScored":3,"outcome":"W"},{"opponent":"Arsenal","venue":"A","finalScore":"Arsenal 1-0 Chelsea","goalsScored":0,"outcome":"L"},{"opponent":"Tottenham","venue":"H","finalScore":"Chelsea 2-2 Tottenham","goalsScored":2,"outcome":"D"}]},"away":{"matches":[{"opponent":"Nottingham Forest","venue":"H","finalScore":"Man City 2-2 Nottingham Forest","goalsScored":2,"outcome":"D"},{"opponent":"Brighton","venue":"A","finalScore":"Brighton 1-3 Man City","goalsScored":3,"outcome":"W"},{"opponent":"Liverpool","venue":"H","finalScore":"Man City 1-2 Liverpool","goalsScored":1,"outcome":"L"},{"opponent":"Wolves","venue":"A","finalScore":"Wolves 1-2 Man City","goalsScored":2,"outcome":"W"},{"opponent":"Arsenal","venue":"H","finalScore":"Man City 2-2 Arsenal","goalsScored":2,"outcome":"D"}]}},"formNote":"Chelsea recent 5 across league and Europe: high-event games at both ends. Man City recent run: enough scoring and concession volume to keep BTTS plus goals live.","marketId":"chelsea-man-city-btts-over-2-5"},{"label":"Man Utd v Leeds United: Man Utd to Win & Over 2.5 Goals","scheduleNote":"Mon 13 Apr, 20:00 BST","aiReasoning":"United still carry the stronger result profile, while Leeds'' recent matches with Chelsea and Villa show they can help stretch the game enough for a win-plus-goals closer.","form":{"home":{"matches":[{"opponent":"Everton","venue":"H","finalScore":"Man Utd 2-1 Everton","goalsScored":2,"outcome":"W"},{"opponent":"Newcastle","venue":"A","finalScore":"Newcastle 1-1 Man Utd","goalsScored":1,"outcome":"D"},{"opponent":"Chelsea","venue":"H","finalScore":"Man Utd 2-0 Chelsea","goalsScored":2,"outcome":"W"},{"opponent":"Liverpool","venue":"A","finalScore":"Liverpool 2-1 Man Utd","goalsScored":1,"outcome":"L"},{"opponent":"Aston Villa","venue":"H","finalScore":"Man Utd 3-1 Aston Villa","goalsScored":3,"outcome":"W"}]},"away":{"matches":[{"opponent":"Chelsea","venue":"A","finalScore":"Chelsea 2-0 Leeds United","goalsScored":0,"outcome":"L"},{"opponent":"Leicester","venue":"H","finalScore":"Leeds United 1-1 Leicester","goalsScored":1,"outcome":"D"},{"opponent":"Aston Villa","venue":"A","finalScore":"Aston Villa 1-2 Leeds United","goalsScored":2,"outcome":"W"},{"opponent":"Burnley","venue":"H","finalScore":"Leeds United 1-2 Burnley","goalsScored":1,"outcome":"L"},{"opponent":"Tottenham","venue":"A","finalScore":"Tottenham 1-0 Leeds United","goalsScored":0,"outcome":"L"}]}},"formNote":"Man Utd recent form: stronger result profile heading in. Leeds recent matches: enough game stretch against Chelsea and Villa to support a win-plus-goals angle.","marketId":"man-utd-leeds-man-utd-win-over-2-5"}],"statusLabel":"Aggressive"}]'::jsonb, '{"brian-scott":"neutral","tony-mclean":"neutral","john-colreavey":"neutral","paul-melville":"defensive","alasdair-head":"neutral","paul-devine":"defensive"}'::jsonb, '{"proposalId":"neutral","timelineLabel":"AI Recommended Strategy","stake":42,"stakePlacedAt":"2026-04-10T10:15:00.000Z","settledAt":"2026-04-13T20:55:00.000Z","settlementKind":"cashout","returnAmount":61,"status":"win"}'::jsonb),
  ('md-33', 'matchday-33', 'Matchday 33 Voting Stage', 'Premier League Matchday 33 analysis is complete.', '2026-04-18T11:30:00.000Z', '2026-04-20T21:00:00.000Z', 'Sat 18 Apr - Mon 20 Apr', '[{"id":"defensive","riskLevel":"safe","title":"Defensive","summary":"This build stays conservative with draw protection around the stronger home sides and low-risk goal lines in the clearer fixtures across the round.","legs":3,"betLines":[{"label":"Brentford v Fulham: Over 1.5 Goals","scheduleNote":"Sat 18 Apr, 12:30 BST","aiReasoning":"A west London derby with two front-foot sides makes the safer two-goal line a steadier opener than picking a result.","odds":"1.28"},{"label":"Aston Villa v Sunderland: Aston Villa Draw No Bet","scheduleNote":"Sun 19 Apr, 14:00 BST","aiReasoning":"Villa''s home edge makes them the stronger side, while draw cover keeps the slip in the lower-volatility lane.","odds":"1.26"},{"label":"Crystal Palace v West Ham United: Over 1.5 Goals","scheduleNote":"Mon 20 Apr, 20:00 BST","aiReasoning":"Both sides are usually open enough in transition for a low total-goals line to be the safer late anchor.","odds":"1.31"}],"statusLabel":"Safe"},{"id":"neutral","riskLevel":"balanced","title":"Neutral","summary":"The balanced route upgrades the result asks on the stronger favourites and leans into the more attack-minded fixtures without going all the way into builder territory.","legs":4,"betLines":[{"label":"Newcastle United v Bournemouth: Newcastle United to Win","scheduleNote":"Sat 18 Apr, 15:00 BST","aiReasoning":"Newcastle''s home advantage is enough to support the straight result once we step up from pure protection.","odds":"1.62"},{"label":"Chelsea v Man Utd: Both Teams To Score","scheduleNote":"Sat 18 Apr, 20:00 BST","aiReasoning":"Both clubs carry enough attacking quality to make a goals-at-both-ends angle cleaner than choosing the winner.","odds":"1.68"},{"label":"Everton v Liverpool: Over 2.5 Goals","scheduleNote":"Sun 19 Apr, 14:00 BST","aiReasoning":"Derbies can be volatile, and the goals line gives the slip upside without relying on one side to control the occasion.","odds":"1.74"},{"label":"Man City v Arsenal: Both Teams To Score","scheduleNote":"Sun 19 Apr, 16:30 BST","aiReasoning":"This is the highest-quality matchup of the round, and a mutual scoring angle is the cleaner balanced play.","odds":"1.67"}],"statusLabel":"Balanced","aiRecommended":true},{"id":"aggressive","riskLevel":"aggressive","title":"Aggressive","summary":"This is the return-led build, turning the marquee ties into higher-event builders and asking the stronger home side to win with more authority.","legs":4,"betLines":[{"label":"Newcastle United v Bournemouth: Newcastle United to Win & Over 2.5 Goals","scheduleNote":"Sat 18 Apr, 15:00 BST","aiReasoning":"Newcastle''s home edge and Bournemouth''s ability to keep games open make the builder attractive at the aggressive tier.","odds":"2.14"},{"label":"Chelsea v Man Utd: Both Teams To Score & Over 2.5 Goals","scheduleNote":"Sat 18 Apr, 20:00 BST","aiReasoning":"The attacking talent on both sides makes the higher-event builder more appealing than a straight result call.","odds":"1.98"},{"label":"Everton v Liverpool: Both Teams To Score & Over 2.5 Goals","scheduleNote":"Sun 19 Apr, 14:00 BST","aiReasoning":"A derby script with chances at both ends gives this leg a stronger ceiling in the high-return build.","odds":"2.06"},{"label":"Man City v Arsenal: Both Teams To Score & Over 2.5 Goals","scheduleNote":"Sun 19 Apr, 16:30 BST","aiReasoning":"If the headline fixture opens up, this builder gives the slip its biggest upside jump.","odds":"2.01"}],"statusLabel":"Aggressive"}]'::jsonb, '{"brian-scott":"neutral","tony-mclean":"defensive","john-colreavey":"neutral","paul-melville":"aggressive","alasdair-head":"neutral","paul-devine":"defensive","derek-mcmillan":"neutral"}'::jsonb, null),
  ('md-34', 'matchday-34', 'Matchday 34 Voting Stage', 'Premier League Matchday 34 analysis is complete.', '2026-04-24T19:00:00.000Z', '2026-04-27T21:00:00.000Z', 'Fri 24 Apr - Mon 27 Apr', '[{"id":"defensive","riskLevel":"safe","title":"Defensive","summary":"A lower-volatility build that leans on safer result protection and low goal lines in the clearer fixtures across the amended round.","legs":3,"betLines":[{"label":"Fulham v Aston Villa: Over 1.5 Goals","scheduleNote":"Sat 25 Apr, 12:30 BST","aiReasoning":"Both sides are usually positive enough to make the two-goal line a steadier way into the weekend.","odds":"1.29"},{"label":"Arsenal v Newcastle United: Arsenal Draw No Bet","scheduleNote":"Sat 25 Apr, 17:30 BST","aiReasoning":"Arsenal''s home edge is meaningful, but draw cover respects the difficulty of the matchup.","odds":"1.34"},{"label":"Brighton v Chelsea: Over 1.5 Goals","scheduleNote":"Sun 26 Apr, 16:30 BST","aiReasoning":"Two sides comfortable in possession make a low goals line the safer closer than picking a winner.","odds":"1.30"}],"statusLabel":"Safe"},{"id":"neutral","riskLevel":"balanced","title":"Neutral","summary":"The balanced slip pushes the stronger home teams into cleaner result asks and keeps one goals-based angle in the more open televised closer.","legs":4,"betLines":[{"label":"Sunderland v Nottingham Forest: Over 1.5 Goals","scheduleNote":"Fri 24 Apr, 20:00 BST","aiReasoning":"The Friday opener profiles better as a totals play than a result selection, but the balanced slip can still lean into goals.","odds":"1.56"},{"label":"Liverpool v Crystal Palace: Liverpool to Win","scheduleNote":"Sat 25 Apr, 15:00 BST","aiReasoning":"Liverpool remain the stronger home side, making the straight result acceptable in the balanced build.","odds":"1.47"},{"label":"Arsenal v Newcastle United: Arsenal to Win","scheduleNote":"Sat 25 Apr, 17:30 BST","aiReasoning":"Once the slip becomes more assertive, Arsenal''s home advantage is enough to support the straight win.","odds":"1.78"},{"label":"Man Utd v Brentford: Over 2.5 Goals","scheduleNote":"Mon 27 Apr, 20:00 BST","aiReasoning":"The Monday night game carries enough attacking variance to support the stronger goals line.","odds":"1.72"}],"statusLabel":"Balanced","aiRecommended":true},{"id":"aggressive","riskLevel":"aggressive","title":"Aggressive","summary":"This build combines the clearer favourites with higher-event builders to chase a bigger week-on-week jump.","legs":4,"betLines":[{"label":"Liverpool v Crystal Palace: Liverpool to Win & Over 2.5 Goals","scheduleNote":"Sat 25 Apr, 15:00 BST","aiReasoning":"Liverpool''s home attack gives enough upside to combine the result with a stronger goals line.","odds":"1.96"},{"label":"Arsenal v Newcastle United: Both Teams To Score & Over 2.5 Goals","scheduleNote":"Sat 25 Apr, 17:30 BST","aiReasoning":"If the headline Saturday game opens up, this builder gives the aggressive slip the bigger payoff it wants.","odds":"2.24"},{"label":"Brighton v Chelsea: Both Teams To Score & Over 2.5 Goals","scheduleNote":"Sun 26 Apr, 16:30 BST","aiReasoning":"Two technical sides with enough attack-minded players make the higher-event builder live here.","odds":"2.02"},{"label":"Man Utd v Brentford: Man Utd to Win & Over 2.5 Goals","scheduleNote":"Mon 27 Apr, 20:00 BST","aiReasoning":"United''s home edge paired with a livelier game state makes this the stronger Monday closer for the aggressive build.","odds":"2.10"}],"statusLabel":"Aggressive"}]'::jsonb, '{"brian-scott":"defensive","tony-mclean":"neutral","john-colreavey":"neutral","paul-melville":"neutral","alasdair-head":"defensive","paul-devine":"neutral","derek-mcmillan":"defensive"}'::jsonb, null),
  ('md-35', 'matchday-35', 'Matchday 35 Voting Stage', 'Premier League Matchday 35 analysis is complete.', '2026-05-02T14:00:00.000Z', '2026-05-02T17:00:00.000Z', 'Sat 2 May', '[{"id":"defensive","riskLevel":"safe","title":"Defensive","summary":"A lower-volatility build centered on the stronger home sides and a pair of safer total-goals lines in the clearest fixtures of the round.","legs":3,"betLines":[{"label":"Aston Villa v Tottenham Hotspur: Over 1.5 Goals","scheduleNote":"Sat 2 May, 15:00 BST","aiReasoning":"This matchup has enough attacking quality to make the safer two-goal line the right conservative opener.","odds":"1.30"},{"label":"Arsenal v Fulham: Arsenal Draw No Bet","scheduleNote":"Sat 2 May, 15:00 BST","aiReasoning":"Arsenal''s home edge makes them the stronger side, but draw cover keeps this version of the slip under control.","odds":"1.20"},{"label":"Everton v Man City: Over 1.5 Goals","scheduleNote":"Sat 2 May, 15:00 BST","aiReasoning":"The final game of the round profiles better as a low-goals floor than a pure result call at the safest tier.","odds":"1.29"}],"statusLabel":"Safe"},{"id":"neutral","riskLevel":"balanced","title":"Neutral","summary":"The balanced route upgrades the stronger home teams into straight result calls and keeps one goals-based angle in the round''s headline fixtures.","legs":4,"betLines":[{"label":"Leeds United v Burnley: Over 2.5 Goals","scheduleNote":"Sat 2 May, 15:00 BST","aiReasoning":"This fixture projects well for chance volume, so the stronger goals line fits the balanced build.","odds":"1.79"},{"label":"Arsenal v Fulham: Arsenal to Win","scheduleNote":"Sat 2 May, 15:00 BST","aiReasoning":"Arsenal''s home control is enough to support the straight result once we step up from protection.","odds":"1.44"},{"label":"Chelsea v Nottingham Forest: Chelsea to Win","scheduleNote":"Sat 2 May, 15:00 BST","aiReasoning":"Chelsea''s home edge makes the straight result acceptable in the balanced version of the slip.","odds":"1.61"},{"label":"Everton v Man City: Both Teams To Score","scheduleNote":"Sat 2 May, 15:00 BST","aiReasoning":"This is the cleaner route into the late game, avoiding a tighter result call while still leaning into the attacking quality.","odds":"1.76"}],"statusLabel":"Balanced","aiRecommended":true},{"id":"aggressive","riskLevel":"aggressive","title":"Aggressive","summary":"This version turns the strongest favourites into builders and leans hardest into the higher-event fixtures to chase the biggest upside.","legs":4,"betLines":[{"label":"Leeds United v Burnley: Both Teams To Score & Over 2.5 Goals","scheduleNote":"Sat 2 May, 15:00 BST","aiReasoning":"This fixture has enough volatility to justify going after the higher-event builder.","odds":"2.08"},{"label":"Aston Villa v Tottenham Hotspur: Both Teams To Score & Over 2.5 Goals","scheduleNote":"Sat 2 May, 15:00 BST","aiReasoning":"Both teams have enough attack to stretch the game, making the builder the stronger aggressive angle.","odds":"2.04"},{"label":"Arsenal v Fulham: Arsenal to Win & Over 2.5 Goals","scheduleNote":"Sat 2 May, 15:00 BST","aiReasoning":"Arsenal''s home edge gives enough confidence to merge the result with the stronger goals line.","odds":"1.97"},{"label":"Everton v Man City: Both Teams To Score & Over 2.5 Goals","scheduleNote":"Sat 2 May, 15:00 BST","aiReasoning":"If the marquee closer opens up, this builder gives the slip its biggest return spike.","odds":"2.02"}],"statusLabel":"Aggressive"}]'::jsonb, '{"brian-scott":"neutral","tony-mclean":"defensive","john-colreavey":"neutral","paul-melville":"aggressive","alasdair-head":"neutral","paul-devine":"neutral","derek-mcmillan":"defensive"}'::jsonb, null),
  ('md-36', 'matchday-36', 'Matchday 36 Voting Stage', 'Premier League Matchday 36 analysis is complete.', '2026-05-09T14:00:00.000Z', '2026-05-09T17:00:00.000Z', 'Sat 9 May', '[{"id":"defensive","riskLevel":"safe","title":"Defensive","summary":"This build keeps things measured with draw protection on the strongest home side and safer goals lines in the more open fixtures.","legs":3,"betLines":[{"label":"Liverpool v Chelsea: Over 1.5 Goals","scheduleNote":"Sat 9 May, 15:00 BST","aiReasoning":"The early headline fixture has enough attacking quality on both sides to make the low goals line the safest route in.","odds":"1.27"},{"label":"Man City v Brentford: Man City Draw No Bet","scheduleNote":"Sat 9 May, 15:00 BST","aiReasoning":"City are the stronger side at home, but draw cover keeps the defensive slip disciplined.","odds":"1.18"},{"label":"Tottenham Hotspur v Leeds United: Over 1.5 Goals","scheduleNote":"Sat 9 May, 15:00 BST","aiReasoning":"This fixture profiles better as a two-goal floor than a result call at the lowest-risk tier.","odds":"1.26"}],"statusLabel":"Safe"},{"id":"neutral","riskLevel":"balanced","title":"Neutral","summary":"The balanced route upgrades the stronger home favourites into straight result picks and keeps one goals angle in the round''s standout matchup.","legs":4,"betLines":[{"label":"Liverpool v Chelsea: Both Teams To Score","scheduleNote":"Sat 9 May, 15:00 BST","aiReasoning":"Both clubs have enough attacking quality to make a mutual scoring angle cleaner than choosing the winner.","odds":"1.71"},{"label":"Man City v Brentford: Man City to Win","scheduleNote":"Sat 9 May, 15:00 BST","aiReasoning":"City''s home edge is strong enough to support the straight result once the slip steps up from pure protection.","odds":"1.37"},{"label":"West Ham United v Arsenal: Arsenal to Win","scheduleNote":"Sat 9 May, 15:00 BST","aiReasoning":"Arsenal''s overall quality gives the away win enough support to sit inside the balanced build.","odds":"1.71"},{"label":"Tottenham Hotspur v Leeds United: Over 2.5 Goals","scheduleNote":"Sat 9 May, 15:00 BST","aiReasoning":"This matchup has enough transition potential to support the stronger goals line.","odds":"1.74"}],"statusLabel":"Balanced","aiRecommended":true},{"id":"aggressive","riskLevel":"aggressive","title":"Aggressive","summary":"This is the high-upside version, combining the clearest favourites with builders in the round''s most attack-friendly fixtures.","legs":4,"betLines":[{"label":"Liverpool v Chelsea: Both Teams To Score & Over 2.5 Goals","scheduleNote":"Sat 9 May, 15:00 BST","aiReasoning":"If the marquee matchup opens up, this builder creates immediate upside for the aggressive slip.","odds":"2.01"},{"label":"Man City v Brentford: Man City to Win & Over 2.5 Goals","scheduleNote":"Sat 9 May, 15:00 BST","aiReasoning":"City''s home attack makes the win-plus-goals builder the sharper high-return angle here.","odds":"1.86"},{"label":"West Ham United v Arsenal: Arsenal to Win & Over 2.5 Goals","scheduleNote":"Sat 9 May, 15:00 BST","aiReasoning":"Arsenal''s edge combined with a livelier game state gives this leg a stronger ceiling.","odds":"2.21"},{"label":"Tottenham Hotspur v Leeds United: Both Teams To Score & Over 2.5 Goals","scheduleNote":"Sat 9 May, 15:00 BST","aiReasoning":"The final fixture has the right shape for a higher-event closer in the aggressive build.","odds":"2.08"}],"statusLabel":"Aggressive"}]'::jsonb, '{"brian-scott":"neutral","tony-mclean":"neutral","john-colreavey":"defensive","paul-melville":"aggressive","alasdair-head":"neutral","paul-devine":"defensive","derek-mcmillan":"neutral"}'::jsonb, null),
  ('md-37', 'matchday-37', 'Matchday 37 Voting Stage', 'Premier League Matchday 37 analysis is complete.', '2026-05-17T14:00:00.000Z', '2026-05-17T17:00:00.000Z', 'Sun 17 May', '[{"id":"defensive","riskLevel":"safe","title":"Defensive","summary":"This build keeps the asks conservative with low goal lines and draw protection around the strongest teams on a packed Sunday slate.","legs":3,"betLines":[{"label":"Arsenal v Burnley: Arsenal Draw No Bet","scheduleNote":"Sun 17 May, 15:00 BST","aiReasoning":"Arsenal are still the stronger side, and draw cover keeps the final-week pressure from pushing the slip too far.","odds":"1.15"},{"label":"Chelsea v Tottenham Hotspur: Over 1.5 Goals","scheduleNote":"Sun 17 May, 15:00 BST","aiReasoning":"The derby carries enough attacking quality for the two-goal line to be the steadier conservative route.","odds":"1.29"},{"label":"Man Utd v Nottingham Forest: Over 1.5 Goals","scheduleNote":"Sun 17 May, 15:00 BST","aiReasoning":"The home side''s game states tend to create enough goal volume for a low floor to make sense.","odds":"1.28"}],"statusLabel":"Safe"},{"id":"neutral","riskLevel":"balanced","title":"Neutral","summary":"The balanced route moves the stronger favourites into straight wins and leans into one bigger attacking spot for added upside.","legs":4,"betLines":[{"label":"Bournemouth v Man City: Man City to Win","scheduleNote":"Sun 17 May, 15:00 BST","aiReasoning":"City''s overall quality still gives the away win enough support to sit inside the balanced build.","odds":"1.56"},{"label":"Arsenal v Burnley: Arsenal to Win","scheduleNote":"Sun 17 May, 15:00 BST","aiReasoning":"Arsenal''s home control is strong enough to support the straight result once we leave draw protection behind.","odds":"1.32"},{"label":"Chelsea v Tottenham Hotspur: Both Teams To Score","scheduleNote":"Sun 17 May, 15:00 BST","aiReasoning":"The derby profiles better as a mutual scoring spot than a winner pick in the balanced slip.","odds":"1.72"},{"label":"Man Utd v Nottingham Forest: Man Utd to Win","scheduleNote":"Sun 17 May, 15:00 BST","aiReasoning":"United''s home edge gives the straight result enough support to complete the balanced build.","odds":"1.64"}],"statusLabel":"Balanced","aiRecommended":true},{"id":"aggressive","riskLevel":"aggressive","title":"Aggressive","summary":"This is the higher-return version, turning the strongest sides into builders and using derby volatility to chase the bigger payout.","legs":4,"betLines":[{"label":"Bournemouth v Man City: Man City to Win & Over 2.5 Goals","scheduleNote":"Sun 17 May, 15:00 BST","aiReasoning":"City''s attacking quality makes the win-plus-goals route the sharper aggressive angle.","odds":"1.91"},{"label":"Arsenal v Burnley: Arsenal -1 Handicap","scheduleNote":"Sun 17 May, 15:00 BST","aiReasoning":"Arsenal''s superiority at home supports the margin line when the build shifts fully toward return.","odds":"1.86"},{"label":"Chelsea v Tottenham Hotspur: Both Teams To Score & Over 2.5 Goals","scheduleNote":"Sun 17 May, 15:00 BST","aiReasoning":"If the London derby opens up, this builder becomes the highest-ceiling leg on the slip.","odds":"2.03"},{"label":"Man Utd v Nottingham Forest: Man Utd to Win & Over 2.5 Goals","scheduleNote":"Sun 17 May, 15:00 BST","aiReasoning":"United''s home edge plus a livelier game script gives the aggressive build a stronger final kick.","odds":"2.15"}],"statusLabel":"Aggressive"}]'::jsonb, '{"brian-scott":"neutral","tony-mclean":"defensive","john-colreavey":"neutral","paul-melville":"aggressive","alasdair-head":"neutral","paul-devine":"neutral","derek-mcmillan":"defensive"}'::jsonb, null),
  ('md-38', 'matchday-38', 'Matchday 38 Voting Stage', 'Premier League Matchday 38 analysis is complete.', '2026-05-24T14:00:00.000Z', '2026-05-24T17:00:00.000Z', 'Sun 24 May', '[{"id":"defensive","riskLevel":"safe","title":"Defensive","summary":"The final-day defensive build avoids the most chaotic result calls and leans on safer totals plus draw protection on the clearest favourite.","legs":3,"betLines":[{"label":"Liverpool v Brentford: Over 1.5 Goals","scheduleNote":"Sun 24 May, 15:00 BST","aiReasoning":"Final-day volatility often helps low goals lines land, making this a steadier opener than a straight result call.","odds":"1.24"},{"label":"Man City v Aston Villa: Man City Draw No Bet","scheduleNote":"Sun 24 May, 15:00 BST","aiReasoning":"City still carry the stronger profile, but draw cover respects the variance that can come with the last day.","odds":"1.22"},{"label":"Tottenham Hotspur v Everton: Over 1.5 Goals","scheduleNote":"Sun 24 May, 15:00 BST","aiReasoning":"Both sides are capable of contributing to a two-goal script, which keeps the close conservative.","odds":"1.30"}],"statusLabel":"Safe"},{"id":"neutral","riskLevel":"balanced","title":"Neutral","summary":"The balanced final-day slip backs the stronger favourites and keeps one BTTS angle in the fixture most likely to stretch.","legs":4,"betLines":[{"label":"Liverpool v Brentford: Liverpool to Win","scheduleNote":"Sun 24 May, 15:00 BST","aiReasoning":"Liverpool''s home edge remains strong enough for the straight result in the balanced build.","odds":"1.40"},{"label":"Man City v Aston Villa: Man City to Win","scheduleNote":"Sun 24 May, 15:00 BST","aiReasoning":"City are still the stronger side at home, making the win the cleaner balanced play.","odds":"1.52"},{"label":"Sunderland v Chelsea: Both Teams To Score","scheduleNote":"Sun 24 May, 15:00 BST","aiReasoning":"This fixture has enough room for both attacks to contribute, which suits a BTTS angle more than a result call.","odds":"1.78"},{"label":"Tottenham Hotspur v Everton: Tottenham Hotspur to Win","scheduleNote":"Sun 24 May, 15:00 BST","aiReasoning":"Spurs'' home advantage gives the final leg enough support to round out the balanced slip.","odds":"1.73"}],"statusLabel":"Balanced","aiRecommended":true},{"id":"aggressive","riskLevel":"aggressive","title":"Aggressive","summary":"This is the higher-return final-day version, combining the strongest favourites with builders in the fixtures most likely to turn chaotic.","legs":4,"betLines":[{"label":"Liverpool v Brentford: Liverpool to Win & Over 2.5 Goals","scheduleNote":"Sun 24 May, 15:00 BST","aiReasoning":"Liverpool''s attacking ceiling makes the win-plus-goals route the stronger high-return option.","odds":"1.92"},{"label":"Man City v Aston Villa: Both Teams To Score & Over 2.5 Goals","scheduleNote":"Sun 24 May, 15:00 BST","aiReasoning":"The headline fixture has enough quality to support the higher-event builder rather than a simple winner.","odds":"2.09"},{"label":"Sunderland v Chelsea: Both Teams To Score & Over 2.5 Goals","scheduleNote":"Sun 24 May, 15:00 BST","aiReasoning":"If this final-day game opens up, the aggressive slip gets a much better ceiling from the builder.","odds":"2.18"},{"label":"Tottenham Hotspur v Everton: Tottenham Hotspur to Win & Over 2.5 Goals","scheduleNote":"Sun 24 May, 15:00 BST","aiReasoning":"Spurs'' home edge paired with a more open game state makes this the stronger aggressive closer.","odds":"2.16"}],"statusLabel":"Aggressive"}]'::jsonb, '{"brian-scott":"neutral","tony-mclean":"neutral","john-colreavey":"defensive","paul-melville":"aggressive","alasdair-head":"neutral","paul-devine":"defensive","derek-mcmillan":"neutral"}'::jsonb, null)
on conflict (id) do nothing;
